,Date,Open,High,Low,Close,Volume,Dividends,Stock Splits,return_daily,return_cummulative,band_baseline,band_upper,band_lower,Conversion,Baseline,Span A,Span B,Lagging Span
0,2017-02-06,93.3226043735421,94.09338264555865,93.3226043735421,94.01532745361328,2529080,0.0,0,,,,,,,,,,96.73858642578124
1,2017-02-07,94.02509003322504,94.14216538214632,93.66409033862713,93.87873840332031,3877367,0.0,0,-0.0014528381062158813,0.9985471618937841,,,,,,,,96.4642562866211
2,2017-02-08,94.53243332829508,94.62024728319507,93.80068262705814,94.2494888305664,3879815,0.0,0,0.003949248078444434,1.0024906723541294,,,,,,,,96.5622329711914
3,2017-02-09,94.2494848195465,94.34705008680866,93.859216306745,94.02508544921876,2376111,0.0,0,-0.0023809506463324803,1.0001037915398454,,,,,,,,96.28791046142578
4,2017-02-10,93.9470283593861,94.25924167456738,93.85921440999779,94.22997283935548,2224721,0.0,0,0.0021790715654002035,1.0022830892744388,,,,,,,,95.49432373046876
5,2017-02-13,94.10314238672615,94.20071510726987,93.56652964250313,93.73239135742188,3629281,0.0,0,-0.005280501171128327,0.9969905322477229,,,,,,,,94.8770980834961
6,2017-02-14,93.67384282469541,94.20070419081145,93.58602887513308,94.04459381103516,4239687,0.0,0,0.003330785111656631,1.0003112934689962,,,,,,,,95.210205078125
7,2017-02-15,93.7811801712948,94.0641246920166,93.62506976934331,93.97631072998048,3965391,0.0,0,-0.0007260713060430746,0.9995849961416975,,,,,,,,95.53352355957031
8,2017-02-16,93.91775971028142,94.08362140597923,93.66408406502123,94.04459381103516,3309888,0.0,0,0.0007265988686326885,1.0003112934689962,,,,94.23973179497003,,,,95.38656616210938
9,2017-02-17,93.77141607034426,94.13241577148438,93.75189854933492,94.13241577148438,3991667,0.0,0,0.0009338331624428875,1.0012454173276037,,,,94.23973179497003,,,,95.3473663330078
10,2017-02-21,93.96654376681637,94.2397295026321,93.66408919412795,94.07386779785156,4721117,0.0,0,-0.0006219746211012511,1.000622668088532,,,,94.23973179497003,,,,95.49432373046876
11,2017-02-22,93.92752436843222,94.24949648964187,93.87874545063762,93.97631072998048,4322471,0.0,0,-0.0010370262236980565,0.9995849961416974,,,,94.11289776872314,,,,96.0527801513672
12,2017-02-23,93.8397107784916,94.70805435358672,93.64458023451077,94.69829559326172,4129414,0.0,0,0.007682626160498085,1.007264433982697,,,,94.29339990211217,,,,95.72946166992188
13,2017-02-24,94.31865941579264,95.30818939208984,94.25174544384905,95.30818939208984,2487711,0.4025,0,0.006440388340754,1.0137516080993754,,,,94.77996741796944,,,,96.01358795166016
14,2017-02-27,94.95547982675458,96.4740651166144,94.78892743295728,96.20953369140624,4704240,0.0,0,0.009457154784552113,1.0233388139702597,,,,95.63149627478583,,,,96.28791046142578
15,2017-02-28,95.87643326210548,96.5622416646523,95.87643326210548,96.2193374633789,3367514,0.0,0,0.00010190021296763163,1.0234430924133413,,,,96.21933746337889,,,,96.3760986328125
16,2017-03-01,96.62102425216507,97.2774418908557,96.42507366802204,96.89534759521484,3911693,0.0,0,0.007025720085562126,1.0306335171041396,,,,96.85125777943887,,,,96.30751037597656
17,2017-03-02,96.86595229804944,97.12558026936135,96.5524388529888,96.9541244506836,2252340,0.0,0,0.0006066014202692482,1.031258700859392,,,,96.91494037192226,,,,96.4642562866211
18,2017-03-03,96.99331421489916,97.0618950471722,96.54263910642621,96.72879028320312,2428393,0.0,0,-0.00232413183819824,1.0288619196793058,,,,96.91494037192226,,,,96.6895980834961
19,2017-03-06,96.31729512305492,96.58182652210829,95.98419036839505,96.10175323486328,3454706,0.0,0,-0.006482424172823853,1.0221924003006788,94.87472343444824,97.16344489853796,92.58600197035852,96.91494037192226,,,,96.718994140625
20,2017-03-07,96.082173493713,96.47857447831636,95.90582169800956,96.24872589111328,3561122,0.0,0,0.0015293441722215029,1.0237556842909679,94.98639335632325,97.31452562504906,92.65826108759744,96.91494037192226,,,,96.7483901977539
21,2017-03-08,96.21932251647264,96.82675806061884,96.15074168687143,96.51324462890624,3038838,0.0,0,0.002748283006802632,1.0265692546412224,95.11811866760254,97.47890812835537,92.75732920684972,96.91494037192226,,,,96.2683334350586
22,2017-03-09,96.70919980439177,96.76798124432321,96.42507705347178,96.4544677734375,2931669,0.0,0,-0.0006090029994819668,1.02594407088597,95.22836761474609,97.6226724323011,92.83406279719108,96.91494037192226,,,,97.15987396240234
23,2017-03-10,96.63082352146117,96.84636544302937,96.46427111834066,96.60143280029295,3551023,0.0,0,0.0015236725705713994,1.0275072737257194,95.3571849822998,97.75594195004265,92.95842801455694,96.91494037192226,,,,97.6301498413086
24,2017-03-13,96.66020757012676,96.77777043759298,96.42506688569436,96.62101745605469,2374190,0.0,0,0.00020273670062653792,1.0277155871602643,95.47673721313477,97.87721351206324,93.0762609142063,96.91494037192226,,,,97.97305297851562
25,2017-03-14,96.6504176095406,96.68960772743904,96.29771402320522,96.36629486083984,1657330,0.0,0,-0.0026363062811949334,1.0250062141025518,95.60843238830566,97.89686791066055,93.31999686595077,96.83900956117508,96.91494037192226,96.87697496654866,,97.97305297851562
26,2017-03-15,96.59162535742823,96.81696665886959,96.26831997675207,96.73858642578124,2821608,0.0,0,0.003863296451098508,1.028966116971848,95.74313201904297,97.96289327118079,93.52337076690516,96.80226707679921,96.91494037192226,96.85860372436073,,97.81629943847656
27,2017-03-16,96.4642562866211,97.10108255477171,96.33689402289095,96.4642562866211,3612276,0.0,0,-0.0028357881719783817,1.0260481870279727,95.867529296875,97.95049352830112,93.78456506544889,96.78267683655619,96.91494037192226,96.84880860423922,,97.9338607788086
28,2017-03-17,96.49365213711106,96.6308138052718,96.170346762018,96.5622329711914,4519965,0.0,0,0.0010156786393418216,1.0270903222544725,95.99341125488282,97.91703953100519,94.06978297876044,96.78267683655619,96.91494037192226,96.84880860423922,,98.01223754882812
29,2017-03-20,96.52304368389834,96.66021282798691,96.14192858664788,96.28791046142578,2426880,0.0,0,-0.002840888216073756,1.0241724734611364,96.10118598937989,97.82474850261504,94.37762347614473,96.78267683655619,96.91494037192226,96.84880860423922,,98.16898345947266
30,2017-03-21,96.44466341887228,96.5034448512272,95.3375632778559,95.49432373046876,3714328,0.0,0,-0.008241810702444674,1.0157314378082152,96.17220878601074,97.65333336450917,94.69108420751232,96.78267683655619,96.91494037192226,96.84880860423922,,97.87508392333984
31,2017-03-22,95.61189595889398,95.83723726290623,94.61257413724309,94.8770980834961,2742264,0.0,0,-0.006463479952115048,1.0091662780232087,96.21724815368653,97.46212186562833,94.97237444174472,96.78267683655619,96.91494037192226,96.84880860423922,,97.25784301757812
32,2017-03-23,94.96429327426584,95.63148946905808,94.70074853489784,95.210205078125,2228002,0.0,0,0.0035109315246526496,1.0127093917223366,96.24284362792969,97.37669280912714,95.10899444673224,96.76307472023304,96.91494037192226,96.83900754607765,,97.05210876464844
33,2017-03-24,95.249400816376,95.78824810884753,95.03385890948721,95.53352355957031,1602162,0.0,0,0.003395838515209748,1.016148389279462,96.25411033630371,97.3542016323062,95.15401904030122,96.71898828883133,96.91494037192226,96.81696433037679,,97.3166275024414
34,2017-03-27,95.47473832300436,95.51392844165241,94.95548233173169,95.38656616210938,1938571,0.0,0,-0.0015382809299324673,1.0145852675902518,96.21296195983886,97.37706102898694,95.04886289069078,96.71898828883133,96.91494037192226,96.81696433037679,,97.04231262207031
35,2017-03-28,95.21020466908399,95.52371811158844,94.91628254653294,95.3473663330078,2711788,0.0,0,-0.00041095754547826324,1.0141683161190045,96.16936340332032,97.393668710427,94.94505809621364,96.71898828883133,96.91494037192226,96.81696433037679,,96.30751037597656
36,2017-03-29,95.24939112932353,95.7196575376625,95.13182078986387,95.49432373046876,2194793,0.0,0,0.0015412842862141396,1.015731437808215,96.09931221008301,97.30953894668406,94.88908547348197,96.41527979500245,96.91494037192226,96.66511008346235,,96.3760986328125
37,2017-03-30,95.42575322259474,96.09197026875928,95.23960203366991,96.0527801513672,2447444,0.0,0,0.00584805880687389,1.021671494988508,96.05424499511719,97.19841838080671,94.91007160942766,96.40107070731739,96.91494037192226,96.65800553961982,,96.39568328857422
38,2017-03-31,95.8078419001054,96.22422285779885,95.5335185692132,95.72946166992188,3509511,0.0,0,-0.003366050216722649,1.0182324974313826,96.00427856445313,97.1125953626078,94.89596176629846,96.0184817102202,96.91494037192226,96.46671104107122,,96.14095306396484
39,2017-04-03,95.945007116399,96.23402581680318,95.74906400843865,96.01358795166016,3251645,0.0,0,0.0029680129479674466,1.0212546246678,95.99987030029297,97.10729253254723,94.8924480680387,95.99154491262092,96.91494037192226,96.45324264227159,,96.73858642578124
40,2017-04-04,96.01358712274944,96.34669189835634,95.9352068903418,96.28791046142578,3023048,0.0,0,0.0028571217430573004,1.0241724734611362,96.0018295288086,97.11116362914828,94.89249542846892,96.14094939434906,96.91494037192226,96.52794488313566,,96.8365478515625
41,2017-04-05,96.42508067634549,96.86596391664854,96.18505147110649,96.3760986328125,2928174,0.0,0,0.0009158799995150346,1.0251104925456331,95.9949722290039,97.09309446139852,94.89684999660929,96.52550769387751,96.91494037192226,96.72022403289989,,96.70919036865234
42,2017-04-06,96.44467204690855,96.58183371784052,96.07236967602137,96.30751037597656,2975559,0.0,0,-0.0007116728920233406,1.0243809491967597,95.98762435913086,97.07515113433982,94.9000975839219,96.52550769387751,96.83900956117508,96.6822586275263,,96.5328369140625
43,2017-04-07,96.19973236202772,96.75817840261368,96.04297190689836,96.4642562866211,2495598,0.0,0,0.0016275564598504655,1.0260481870279727,95.98076553344727,97.05420867752986,94.90732238936468,96.52550769387751,96.82186083059895,96.67368426223823,,95.88623046875
44,2017-04-10,96.49364751354818,96.89534057587892,96.4544573995586,96.6895980834961,2285994,0.0,0,0.0023360134162591084,1.0284450493585984,95.98419456481933,97.0662941073809,94.90209502225777,96.67489898771876,96.78267683655619,96.72878791213748,,94.78892517089844
45,2017-04-11,96.5328429575837,96.73858546132656,96.25851961925983,96.718994140625,2150125,0.0,0,0.000304025021425014,1.028757722386764,96.0018295288086,97.11956397355965,94.88409508405755,96.67489898771876,96.78267683655619,96.72878791213748,,95.0436553955078
46,2017-04-12,96.92474199280059,96.96393211111662,96.44467612424324,96.7483901977539,1928563,0.0,0,0.00030393261830408136,1.0290703954149296,96.00231971740723,97.12136823213677,94.88327120267769,96.70919475533762,96.78267683655619,96.7459357959469,,95.6510772705078
47,2017-04-13,96.78758947104755,96.96394128277508,96.09198162333107,96.2683334350586,1792427,0.0,0,-0.004961909564738742,1.0239642411771308,95.99252357482911,97.0984371482715,94.88661000138671,96.70919934116685,96.78267683655619,96.74593808886152,,95.91561889648438
48,2017-04-17,96.44467486801537,97.17947275868043,96.26341963882084,97.15987396240234,2990200,0.0,0,0.00926099471686781,1.0334471686049338,96.02240562438965,97.21795344253638,94.82685780624291,96.81696507911951,96.82187193851055,96.81941850881503,,96.23892211914062
49,2017-04-18,97.03251361371208,97.81629356114544,96.97862813500252,97.6301498413086,3527255,0.0,0,0.0048402273462009315,1.0384492878512692,96.08951759338379,97.47497640596097,94.7040587808066,97.39746084807399,97.39746084807399,97.39746084807399,,96.40547943115234
50,2017-04-19,97.80650058239232,97.97305297851562,97.66933890620248,97.97305297851562,3664300,0.0,0,0.0035122668331903917,1.0420965988429394,96.21345405578613,97.79556165459928,94.63134645697298,97.82119594235905,97.82119594235905,97.82119594235905,,97.35581970214844
51,2017-04-20,97.97305297851562,98.41392872701864,97.63994818626901,97.97305297851562,3911328,0.0,0,0.0,1.0420965988429394,96.36825180053711,98.0026027307011,94.73390087037312,98.04163381661056,98.04163381661056,98.04163381661056,,97.4566421508789
52,2017-04-21,97.75751799444365,97.97305992223276,97.45380390060512,97.81629943847656,3565180,0.0,0,-0.0015999658607498413,1.0404292798611872,96.4985565185547,98.15845135178412,94.83866168532526,98.04163381661056,98.04163381661056,98.04163381661056,,97.32877349853516
53,2017-04-24,98.00244161544586,98.31595507932349,97.75750898820552,97.9338607788086,1766325,0.0,0,0.0012018583917701164,1.0416797285222317,96.6185733795166,98.32890590997741,94.9082408490558,98.08571885761208,98.08571885761208,98.08571885761208,,97.86980438232422
54,2017-04-25,97.81628696911214,98.56088422253215,97.76730493024591,98.01223754882812,3528423,0.0,0,0.0008003030759355934,1.0425133880131077,96.74985694885254,98.46489691361319,95.03481698409189,98.16409457638903,98.16409457638903,98.16409457638903,,98.07638549804688
55,2017-04-26,98.21797296955687,98.4531061735117,98.071011914054,98.16898345947266,5166067,0.0,0,0.0015992483649447387,1.0441806258443207,96.89093780517578,98.58515327867889,95.19672233167267,98.31594806829307,98.31594806829307,98.31594806829307,,97.56484985351562
56,2017-04-27,98.2179881225832,98.34535040380192,97.7673129643275,97.87508392333984,3018469,0.0,0,-0.00299381256457798,1.041054544766979,97.00997581481934,98.62692290334053,95.39302872629816,98.31594806829307,98.31594806829307,98.31594806829307,,98.07638549804688
57,2017-04-28,97.96325017043007,98.04163040402487,97.24805109444165,97.25784301757812,4599515,0.0,0,-0.006306415085632677,1.0344892226808942,97.07022895812989,98.62811487794269,95.51234303831708,98.31594806829307,98.31594806829307,98.31594806829307,,97.87964630126952
58,2017-05-01,97.336231529531,97.42441116851235,96.99332732182829,97.05210876464844,2725735,0.0,0,-0.0021153487116972736,1.0323009172364315,97.13636131286621,98.56671866452903,95.7060039612034,98.31594806829307,98.31594806829307,98.31594806829307,,97.72225189208984
59,2017-05-02,97.16966643982529,97.43419037273422,96.8267622768877,97.3166275024414,2375800,0.0,0,0.0027255331301911934,1.0351144875866862,97.20151329040527,98.53584585251488,95.86718072829566,98.31594806829307,98.31594806829307,98.31594806829307,,97.28941345214844
60,2017-05-03,97.58115993224956,97.89467340491319,96.78758058967148,97.04231262207031,3961599,0.0,0,-0.002818787368728093,1.0321967199438895,97.2392333984375,98.50850594777334,95.96996084910167,98.31594806829307,98.31594806829307,98.31594806829307,,97.57469940185548
61,2017-05-04,97.1598711203752,97.28724086820522,95.96459872389616,96.30751037597656,5689763,0.0,0,-0.007571977895409643,1.0243809491967601,97.23580398559571,98.51482549327605,95.95678247791537,98.31594806829307,98.31594806829307,98.31594806829307,,98.3223114013672
62,2017-05-05,96.35649983559848,96.68961211547753,96.08217647261046,96.3760986328125,3715532,0.0,0,0.0007121797310321032,1.0251104925456336,97.2392333984375,98.50850594777334,95.96996084910167,98.31594806829307,98.31594806829307,98.31594806829307,,97.58452606201172
63,2017-05-08,96.27811293767431,96.50345424154482,95.98419827255042,96.39568328857422,1866176,0.0,0,0.00020321071343976094,1.0253188059801783,97.23580474853516,98.51386801913628,95.95774147793404,98.26205904378284,98.31594806829307,98.28900355603795,,97.5255126953125
64,2017-05-09,96.42507581122446,96.42507581122446,95.76865815794392,96.14095306396484,2299094,0.0,0,-0.002642548046957738,1.0226093517719264,97.2083724975586,98.5546435202499,95.8621014748673,98.0563316840647,98.31594806829307,98.18613987617888,,97.5058364868164
65,2017-05-10,96.02338735441386,96.97372712504627,95.87642628606079,96.73858642578124,2464709,0.0,0,0.006216220484300594,1.0289661169718483,97.2093521118164,98.55420979806505,95.86449442556776,97.64484074923325,98.31594806829307,97.98039440876316,,97.58452606201172
66,2017-05-11,96.66999547973242,96.94431879209951,96.25361455015728,96.8365478515625,1840540,0.0,0,0.0010126406576802527,1.0300080898972692,97.21375999450683,98.553051643547,95.87446834546667,97.44400036337075,98.31594806829307,97.87997421583191,,98.27313232421876
67,2017-05-12,96.8365526343276,96.98351369456829,96.55243738587895,96.70919036865234,1887095,0.0,0,-0.0013151799164234923,1.0286534439436825,97.23580284118653,98.52517847327661,95.94642720909644,97.36071784090045,98.31594806829307,97.83833295459675,,97.8993148803711
68,2017-05-15,96.42506597007515,96.87819278346508,96.01358098835077,96.5328369140625,4485478,0.0,0,-0.0018235439043341461,1.0267776492263068,97.20445098876954,98.53006904599609,95.87883293154299,97.34112699729233,98.31594806829307,97.8285375327927,,97.63372039794922
69,2017-05-16,96.6504190926194,96.73859125318087,95.76866011325056,95.88623046875,2910697,0.0,0,-0.006698305633430546,1.0198999787142136,97.1172550201416,98.54596870682839,95.68854133345481,96.91983912704208,98.31594806829307,97.61789359766757,,97.7812728881836
70,2017-05-17,95.15142814411593,95.52372304044027,94.73993565636214,94.78892517089844,5209731,0.0,0,-0.011443825588796974,1.0082284212397903,96.95804862976074,98.65708894142854,95.25900831809294,96.76797554022362,98.31594806829307,97.54196180425834,,98.07638549804688
71,2017-05-18,94.93588444536528,95.54331255553188,94.69095182681416,95.0436553955078,4578485,0.0,0,0.0026873416293105024,1.010937875448042,96.81157875061035,98.63714356879039,94.98601393243031,96.76797554022362,98.31594806829307,97.54196180425834,,98.1944351196289
72,2017-05-19,95.0534411222209,95.72945749727491,94.8868887464032,95.6510772705078,3173677,0.0,0,0.006390977624674887,1.017398756789967,96.70331764221191,98.53457139753077,94.87206388689306,96.76797554022362,98.31594806829307,97.54196180425834,,97.69274139404295
73,2017-05-22,95.79804854379496,96.08217129006478,95.70987638534085,95.91561889648438,5868492,0.0,0,0.002765694161796395,1.02021257059184,96.6024055480957,98.37203858782,94.8327725083714,96.76797554022362,98.31594806829307,97.54196180425834,,98.0075225830078
74,2017-05-23,95.87641917405992,96.26831283568096,95.82742966332607,96.23892211914062,2612196,0.0,0,0.003370704650357048,1.0236514058478865,96.51373977661133,98.16439012355178,94.86308942967088,96.76797554022362,98.31594806829307,97.54196180425834,,98.1550750732422
75,2017-05-24,96.30750787941928,96.5132503804838,96.02338514706814,96.40547943115234,1814889,0.0,0,0.001730664769972412,1.02542300327272,96.42556457519531,97.888989068815,94.96214008157563,96.76797554022362,98.31594806829307,97.54196180425834,,98.77483367919922
76,2017-05-25,96.58183173223006,97.45379125440702,96.34669103710905,97.35581970214844,3730029,0.0,0,0.00985774124669736,1.035531357907394,96.39960136413575,97.77402248854779,95.02518023972371,96.90024114575803,98.31594806829307,97.60809460702555,,99.72901916503906
77,2017-05-26,97.37794315174163,97.56485139840522,97.0926649087313,97.4566421508789,2405520,0.4025,0,0.0010356078253865864,1.0366037622850761,96.40954132080078,97.81154661461967,95.0075360269819,97.32875815356826,98.31594806829307,97.82235311093066,98.04163381661056,99.91593170166016
78,2017-05-30,97.11235497770586,97.67307227933149,97.11235497770586,97.32877349853516,3520003,0.0,0,-0.0013120568236466568,1.035243679245352,96.42337455749512,97.85592824457308,94.99082087041717,97.39271362851868,98.31594806829307,97.85433084840588,98.04163381661056,100.24431610107422
79,2017-05-31,97.44680662721805,97.96817438243382,97.28941612807269,97.86980438232422,5952237,0.0,0,0.00555879689367722,1.0409983885937402,96.45103340148925,97.97116561545546,94.93090118752305,97.62879525525325,98.31594806829307,97.97237166177317,98.08571885761208,99.98753356933594
80,2017-06-01,97.64355598830872,98.12557425161148,97.52550748284376,98.07638549804688,3139053,0.0,0,0.0021107747892870066,1.0431957017480722,96.50273704528809,98.16509744676752,94.84037664380865,97.82554086722763,98.26205904378284,98.04379995550524,98.16409457638903,99.30607604980469
81,2017-06-02,98.253447322189,98.32230706905634,97.37794160981164,97.56484985351562,3101251,0.0,0,-0.005215686140283338,1.0377547203848616,96.56560401916504,98.28834616631075,94.84286187201933,97.92390727595006,98.0563316840647,97.99011948000738,98.31594806829307,98.61473083496094
82,2017-06-05,97.78127549210951,98.2239442535906,97.45664773094336,98.07638549804688,2582482,0.0,0,0.005243032150403337,1.0431957017480722,96.65061836242675,98.49258543630353,94.80865128854998,97.92390727595006,97.92390727595006,97.92390727595006,98.31594806829307,98.49622344970705
83,2017-06-06,98.02720505803013,98.19443481328872,97.81078654880129,97.87964630126952,3341825,0.0,0,-0.0020059792760335204,1.0411030727895183,96.72481651306153,98.63867351963638,94.81095950648667,98.06654680892882,98.06654680892882,98.06654680892882,98.31594806829307,97.90363311767578
84,2017-06-07,98.04687966789012,98.12557867508116,97.66323138927177,97.72225189208984,2711550,0.0,0,-0.00160804023234018,1.0394289371624599,96.80388145446777,98.74547818849202,94.86228472044353,98.06654680892882,98.06654680892882,98.06654680892882,98.31594806829307,98.55548095703124
85,2017-06-08,97.64355144692242,97.91899044171335,97.2599032034422,97.28941345214844,4648641,0.0,0,-0.004429272059953804,1.0348250236127787,96.83142280578613,98.78424971790994,94.87859589366232,98.06654680892882,98.06654680892882,98.06654680892882,98.31594806829307,97.98265075683594
86,2017-06-09,97.6632301549637,97.86980941736657,97.28942113325618,97.57469940185548,3150457,0.0,0,0.002932343197313614,1.0378594857311796,96.86833038330079,98.84815889322257,94.888501873379,98.06654680892882,98.06654680892882,98.06654680892882,98.31594806829307,97.87400817871094
87,2017-06-12,97.59436440167322,98.37150015350387,97.42713465264822,98.3223114013672,3138330,0.0,0,0.0076619451978297,1.0458115082338997,96.94898643493653,99.02642109052941,94.87155177934365,98.09114335115258,98.09114335115258,98.09114335115258,98.31594806829307,97.92339324951172
88,2017-06-13,98.29280207055879,98.62726907688379,97.56485506406315,97.58452606201172,3467055,0.0,0,-0.007503742831509785,1.0379640076258791,97.00157089233399,99.0875249619873,94.91561682268068,98.21902781284254,98.21902781284254,98.21902781284254,98.31594806829307,98.19005584716795
89,2017-06-14,97.89932172487222,97.94841291410972,97.32877268083904,97.5255126953125,2943505,0.0,0,-0.0006047410289384825,1.0373363082039064,97.0835350036621,99.11528825119402,95.0517817561302,98.21902781284254,98.21902781284254,98.21902781284254,98.31594806829307,98.23942565917969
90,2017-06-15,97.43697673491438,97.70257649077931,97.26973947588085,97.5058364868164,2797355,0.0,0,-0.00020175447380177403,1.0371270209628893,97.21938056945801,98.9585988776059,95.48016226131013,98.21902781284254,98.21902781284254,98.21902781284254,98.31594806829307,98.87151336669922
91,2017-06-16,97.62387556305876,97.85997256934108,97.25990581238592,97.58452606201172,2882461,0.0,0,0.0008070242565012542,1.0379640076258794,97.3464241027832,98.77101211315686,95.92183609240955,98.21902781284254,98.21902781284254,98.21902781284254,98.31594806829307,98.57522583007812
92,2017-06-19,97.66322630794654,98.36166307383971,97.48615730355463,98.27313232421876,4102654,0.0,0,0.007056510801409788,1.045288411857166,97.47752685546875,98.72350092332657,96.23155278761094,98.14525023307777,98.21902781284254,98.18213902296016,98.31594806829307,100.39246368408205
93,2017-06-20,98.13541188741337,98.27313138894642,97.74861146942922,97.8993148803711,2772799,0.0,0,-0.00380386210357464,1.0413122788799967,97.57671165466309,98.60403244334492,96.54939086598125,98.1879402731565,98.21902781284254,98.20348404299952,98.31594806829307,101.92328643798828
94,2017-06-21,98.0468789248455,98.0665574290693,97.31893187672102,97.63372039794922,2629089,0.0,0,-0.0027129350470574964,1.038487266303692,97.64645156860351,98.46774499443997,96.82515814276705,98.1879402731565,98.21902781284254,98.20348404299952,98.31594806829307,101.4591064453125
95,2017-06-22,97.66322438586224,98.10590064070487,97.40745638340763,97.7812728881836,3138953,0.0,0,0.0015112861584394288,1.0400567177349722,97.71524124145508,98.30489247140267,97.12559001150748,98.1879402731565,98.21902781284254,98.20348404299952,98.31594806829307,101.1529312133789
96,2017-06-23,97.87964549408865,98.19443400351187,97.63469991122507,98.07638549804688,10157604,0.0,0,0.0030180892633782097,1.0431957017480724,97.75126953125,98.33666731568599,97.16587174681402,98.1879402731565,98.21902781284254,98.20348404299952,98.31594806829307,101.1529312133789
97,2017-06-26,98.07638661282215,98.33215462499508,97.79111585538521,98.1944351196289,2223885,0.0,0,0.0012036497978851202,1.044451344043636,97.7881591796875,98.38761361926248,97.18870474011251,98.07638946461246,98.21902781284254,98.1477086387275,98.31594806829307,101.25170135498048
98,2017-06-27,98.05671867251985,98.13541767951223,97.5747003887048,97.69274139404295,1617141,0.0,0,-0.005109186940937538,1.0391150468762036,97.8063575744629,98.36954328511169,97.2431718638141,98.07638946461246,98.21902781284254,98.1477086387275,98.31594806829307,101.08380889892578
99,2017-06-28,98.12557108466284,98.26329058401882,97.72224433287052,98.0075225830078,4024847,0.0,0,0.003222155346170208,1.0424632369797817,97.81324348449706,98.38276483307632,97.2437221359178,98.07638946461246,98.21902781284254,98.1477086387275,98.31594806829307,101.25170135498048
100,2017-06-29,97.99768458622404,98.48954205402349,97.9780060846284,98.1550750732422,4062979,0.0,0,0.0015055220899951038,1.0440326884110627,97.81717796325684,98.39503367312795,97.23932225338572,98.23377406932595,98.3026375807561,98.26820582504102,98.31594806829307,101.16280364990234
101,2017-06-30,98.0567183765744,99.03059419342691,97.97801936981956,98.77483367919922,4710864,0.0,0,0.006314076021994408,1.0506247901751373,97.87767715454102,98.57887035846997,97.17648395061207,98.50430678162323,98.50430678162323,98.50430678162323,98.31594806829307,100.9060287475586
102,2017-07-03,98.69612296818559,99.83722841020699,98.69612296818559,99.72901916503906,5857216,0.0,0,0.00966020847920479,1.06077404468165,97.96030883789062,99.03225812741286,96.88835954836838,99.26667568919629,99.26667568919629,99.26667568919629,98.31594806829307,101.01466369628906
103,2017-07-05,99.84707195224392,99.93068682616722,99.5027732051627,99.91593170166016,4500879,0.0,0,0.0018742041001302834,1.0627621517455041,98.06212310791015,99.43292832659826,96.69131788922205,99.71673001566495,99.71673001566495,99.71673001566495,98.31594806829307,100.67887878417969
104,2017-07-06,99.73075247684716,101.18226651526732,99.09866315740037,100.24431610107422,7161323,0.4025,0,0.0032866069887091953,1.0662550332607665,98.18822631835937,99.8478246370308,96.52862799968794,100.342519860215,100.342519860215,100.342519860215,98.31594806829307,100.63937377929688
105,2017-07-07,100.39246497780829,100.54061079883495,99.878893802917,99.98753356933594,3933744,0.0,0,-0.002561566996769904,1.063523749557426,98.32313232421875,100.10412057394866,96.54214407448883,100.53058015909215,100.53058015909215,100.53058015909215,98.31594806829307,101.02455139160156
106,2017-07-10,100.04679762888823,100.09617454648807,99.1776794870241,99.30607604980469,4325626,0.0,0,-0.006815424835524109,1.0562753833815226,98.40970115661621,100.205170070115,96.61423224311741,100.53058015909215,100.53058015909215,100.53058015909215,98.31594806829307,100.4418487548828
107,2017-07-11,99.28631869762856,99.28631869762856,98.4863418079103,98.61473083496094,4193080,0.0,0,-0.006961761478693651,1.0489218461066048,98.4243221282959,100.22148642945426,96.62715782713754,100.53058015909215,100.53058015909215,100.53058015909215,98.31594806829307,100.65911865234376
108,2017-07-12,98.75300151226615,98.96040265587612,98.37770528121143,98.49622344970705,4058994,0.0,0,-0.0012017209219200575,1.0476613347786794,98.46990699768067,100.22485607397668,96.71495792138465,100.53058015909215,100.53058015909215,100.53058015909215,98.31594806829307,100.35295104980469
109,2017-07-13,98.298686115973,98.61867535243923,97.90363311767577,97.90363311767578,2887752,0.0,0,-0.0060163761744006505,1.041358210085276,98.48881301879882,100.21012278189141,96.76750325570623,100.53058015909215,100.53058015909215,100.53058015909215,98.31594806829307,99.93814849853516
110,2017-07-14,98.08141580752168,98.6937483891778,98.0419097504784,98.55548095703124,2250222,0.0,0,0.006658055667576379,1.0482916310179116,98.54129524230957,100.20180831685028,96.88078216776887,100.53058015909215,100.53058015909215,100.53058015909215,98.31594806829307,100.84677124023438
111,2017-07-17,98.49622194412343,98.55547725996057,97.84438332987615,97.98265075683594,3811061,0.0,0,-0.005812261222133741,1.0421986862214587,98.56120147705079,100.18407411661967,96.9383288374819,100.53058015909215,100.53058015909215,100.53058015909215,98.31594806829307,100.54060363769531
112,2017-07-18,97.92339263049759,98.03203239642076,97.61722259243722,97.87400817871094,1901952,0.0,0,-0.0011087940292064946,1.0410431025409295,98.54124526977539,100.18769829890182,96.89479224064895,100.53058015909215,100.53058015909215,100.53058015909215,98.31594806829307,100.39246368408205
113,2017-07-19,97.99252696144444,98.24931254934141,97.74561977096913,97.92339324951172,4103737,0.0,0,0.0005045779949115481,1.0415683899822261,98.54244918823242,100.18703685703558,96.89786151942927,100.20975230087598,100.53058015909215,100.37016622998406,98.31594806829307,100.06654357910156
114,2017-07-20,98.09129447179664,98.61473654277373,97.97277630034505,98.19005584716795,3359483,0.0,0,0.002723175625427565,1.0444047636340414,98.57026596069336,100.17016660964414,96.97036531174258,99.63692701675609,100.53058015909215,100.08375358792412,98.3491404954689,100.1653060913086
115,2017-07-21,98.04189540287013,98.53570974113079,98.00239688661705,98.23942565917969,2266135,0.0,0,0.0005027984920242812,1.0449298887742595,98.59317359924316,100.1596428122703,97.02670438621601,98.88633025276943,100.53058015909215,99.70845520593079,98.3491404954689,100.4418487548828
116,2017-07-24,98.22955318127829,99.63198417803775,98.08140736387205,98.87151336669922,3872962,0.0,0,0.006434155159990684,1.051653129809945,98.63292999267578,100.18505750006285,97.08080248528871,99.0048447296246,100.53058015909215,99.76771244435838,98.3491404954689,100.12579345703124
117,2017-07-25,99.0789186161963,99.18755838447693,98.42708754152241,98.57522583007812,4512352,0.0,0,-0.002996692642118326,1.0485016486137828,98.65196952819824,100.19126502172175,97.11267403467473,99.02953585978008,100.53058015909215,99.78005800943612,98.3491404954689,100.08629608154295
118,2017-07-26,99.97766141856027,100.6689985277632,99.8097588048887,100.39246368408205,6515962,0.0,0,0.01843503617365716,1.067830814434117,98.78695564270019,100.43686655312568,97.1370447322747,100.23937866632595,100.53058015909215,100.38497941270904,98.3491404954689,99.8492660522461
119,2017-07-27,100.5307337851922,102.04180460344288,100.34308190697482,101.92328643798828,4783225,0.0,0,0.015248383172699942,1.0841135078562247,98.98274383544921,101.08826351704928,96.87722415384914,101.19244325520884,101.19244325520884,101.19244325520884,98.3491404954689,99.96778869628906
120,2017-07-28,101.81464586885929,102.06155306035622,101.43934965038744,101.4591064453125,3366164,0.0,0,-0.0045542094343493655,1.0791762278908403,99.14794540405273,101.47694644568514,96.81894436242032,101.75045135537184,101.75045135537184,101.75045135537184,98.3491404954689,99.55298614501952
121,2017-07-31,101.4591012389304,101.94303719962844,101.03442058994786,101.1529312133789,3626004,0.0,0,-0.0030177205640838922,1.0759195755956636,99.26685028076172,101.74711664169371,96.78658391982972,101.75045135537184,101.75045135537184,101.75045135537184,98.3491404954689,99.22706604003906
122,2017-08-01,101.35046147744585,101.58749025931705,101.1529312133789,101.1529312133789,3395370,0.0,0,0.0,1.0759195755956636,99.33804588317871,101.94712334320664,96.72896842315077,101.75045135537184,101.75045135537184,101.75045135537184,98.3491404954689,98.96039581298828
123,2017-08-02,101.23195209436636,101.62690716660951,101.00479415475029,101.25170135498048,4651180,0.0,0,0.0009764436919106334,1.0769701504782572,99.40483436584472,102.13652961728567,96.67313911440377,101.75045135537184,101.75045135537184,101.75045135537184,98.3491404954689,99.32582092285156
124,2017-08-03,100.92579220486964,101.72576914323948,100.73814031660608,101.08380889892578,3808216,0.0,0,-0.001658169233779927,1.0751843517090347,99.44680900573731,102.25438955410092,96.63922845737369,101.75045135537184,101.75045135537184,101.75045135537184,98.3491404954689,99.75050354003906
125,2017-08-04,101.17269677751423,101.42947484054658,100.62949792300395,101.25170135498048,2688354,0.0,0,0.001660923325738306,1.076970150478257,99.51001739501953,102.4196385719822,96.60039621805686,101.75045135537184,101.75045135537184,101.75045135537184,98.3491404954689,100.04679870605469
126,2017-08-07,101.13317599579021,101.35045550595736,101.01169658592356,101.16280364990234,2829358,0.0,0,-0.000877987272198677,1.0760245843935992,99.60285377502441,102.59867680186308,96.60703074818575,101.75045135537184,101.75045135537184,101.75045135537184,98.3491404954689,99.76038360595705
127,2017-08-08,101.12330828067611,101.2023203899933,100.78751811859229,100.9060287475586,3485774,0.0,0,-0.0025382343418671738,1.073293381840798,99.7174186706543,102.72870353776662,96.70613380354197,101.75045135537184,101.75045135537184,101.75045135537184,98.55080305374045,100.60974884033205
128,2017-08-09,100.84676862325479,101.0936758018378,100.73812886187751,101.01466369628906,3185031,0.0,0,0.0010765952250706423,1.0744488843707876,99.8433406829834,102.85040594959133,96.83627541637546,101.75045135537184,101.75045135537184,101.75045135537184,99.26667568919629,100.70850372314452
129,2017-08-10,100.8072678111141,101.07392426244236,100.58998827706394,100.67887878417969,3437074,0.0,0,-0.0033241204773887256,1.070877286832343,99.98210296630859,102.87087448172774,97.09333145088944,101.54798420650367,101.75045135537184,101.64921778093776,99.71673001566495,101.50848388671876
130,2017-08-11,100.56036166881624,101.04429765924343,100.47147869578268,100.63937377929688,2326218,0.0,0,-0.0003923862220148733,1.0704570893395213,100.08629760742187,102.91064532381074,97.261949891033,101.43935017830918,101.75045135537184,101.59490076684051,100.342519860215,101.61711883544922
131,2017-08-14,100.76776579243794,101.24113771345252,100.68875367961685,101.02455139160156,2851654,0.0,0,0.003827305336273179,1.0745540554698019,100.23839263916015,102.91544918755429,97.56133609076602,101.36873286458152,101.75045135537184,101.55959210997668,100.53058015909215,101.2220687866211
132,2017-08-15,101.09368739791636,101.22701939944777,100.4418487548828,100.4418487548828,2634881,0.0,0,-0.005767930950368982,1.068356101875413,100.36678466796874,102.81178748035056,97.92178185558693,101.36873286458152,101.75045135537184,101.55959210997668,100.53058015909215,101.13318634033205
133,2017-08-16,100.45171752262848,100.74800915651272,100.42208986624192,100.65911865234376,2680275,0.0,0,0.002163141162317528,1.0706671069353928,100.50357093811036,102.67441238816224,98.33272948805848,101.22058571323507,101.75045135537184,101.48551853430345,100.53058015909215,101.94304656982422
134,2017-08-17,100.5603521689662,100.75787489149843,99.98752572461031,100.35295104980469,3044354,0.0,0,-0.0030416280873322155,1.0674105357907553,100.6117156982422,102.50582683706884,98.71760455941555,101.18107604594046,101.75045135537184,101.46576370065614,100.53058015909215,101.65662384033205
135,2017-08-18,100.86651433354021,100.86651433354021,99.75049663821095,99.93814849853516,3416438,0.0,0,-0.004133436505157295,1.0629984621161284,100.69665184020997,102.28168892941079,99.11161475100914,101.01432791602241,101.75045135537184,101.38238963569712,100.53058015909215,101.13318634033205
136,2017-08-21,99.90852695127501,101.1825613950167,99.89864855407278,100.84677124023438,3351845,0.0,0,0.00909185086326203,1.072663085601565,100.79541473388672,102.13852158245963,99.4523078853138,100.98963328766501,101.75045135537184,101.37004232151843,100.53058015909215,100.97515869140624
137,2017-08-22,100.39245782722051,100.7084987065626,100.02703249938385,100.54060363769531,2327926,0.0,0,-0.003035968318804372,1.0694065144569278,100.89368362426758,101.77763710079279,100.00973014774237,100.96494569653468,101.75045135537184,101.35769852595325,100.53058015909215,101.18255615234376
138,2017-08-23,100.40234208135904,100.72825384140648,100.34307923270636,100.39246368408205,1619719,0.0,0,-0.0014734340978008742,1.0678308144341166,100.89368362426758,101.77763710079279,100.00973014774237,100.96494569653468,101.75045135537184,101.35769852595325,100.53058015909215,101.80477142333984
139,2017-08-24,100.48134584126595,100.5899856054056,100.03691592251973,100.06654357910156,2137540,0.0,0,-0.003246459873781915,1.0643641445430685,100.80084648132325,101.61969571568359,99.9819972469629,100.96494569653468,101.75045135537184,101.35769852595325,100.53058015909215,102.0022964477539
140,2017-08-25,100.22456894015914,100.61843141597213,99.96679626893496,100.1653060913086,3067882,0.0,0,0.000986968358000384,1.0654146382751226,100.73615646362305,101.54092248407594,99.93139044317016,100.83443407716528,101.75045135537184,101.29244271626857,100.53058015909215,102.21956634521484
141,2017-08-28,100.20481994605696,100.61962224525469,100.15544302568199,100.4418487548828,2789899,0.0,0,0.0027608627614248427,1.0683561018754133,100.70060234069824,101.49112691941512,99.91007776198136,100.80232563062931,101.75045135537184,101.27638849300058,100.53058015909215,102.35784149169922
142,2017-08-29,100.33319457685486,100.58998014497364,100.05665975042335,100.12579345703124,2256389,0.0,0,-0.003146649546673097,1.0649943596317617,100.64924545288086,101.44905774757541,99.84943315818632,100.76282031386154,101.75045135537184,101.25663583461669,100.53058015909215,102.41981506347656
143,2017-08-30,100.0961744790601,100.24432030177893,99.98753471140029,100.08629608154295,2149147,0.0,0,-0.00039447752796317737,1.0645742432894794,100.59097518920899,101.37625240060719,99.8056979778108,100.76282031386154,101.75045135537184,101.25663583461669,100.53058015909215,102.4693832397461
144,2017-08-31,100.29370351491016,100.68874899059892,99.61223725983095,99.8492660522461,4639859,0.0,0,-0.002368256580338901,1.0620530583325498,100.529248046875,101.34372620843834,99.71476988531165,100.76282031386154,101.75045135537184,101.25663583461669,100.53058015909215,102.4693832397461
145,2017-09-05,100.29370800984778,100.47148149587892,99.67149704123392,99.96778869628906,3379436,0.0,0,0.0011870156760185324,1.063313731961554,100.46505241394043,101.24281644861227,99.68728837926858,100.53566653705641,101.75045135537184,101.14305894621413,101.19244325520884,102.49913024902344
146,2017-09-06,100.1159342601338,100.20975266681137,99.40484031788216,99.55298614501952,3398292,0.0,0,-0.004149362076315888,1.0589016582869268,100.38456153869629,101.18984103780798,99.5792820395846,100.53566653705641,101.54798420650367,101.04182537178005,101.75045135537184,100.58557891845705
147,2017-09-07,99.63198992697107,101.46898008478382,99.08879861181744,99.22706604003906,7924491,0.0,0,-0.0032738355482947457,1.055434988395879,100.30061340332031,101.21488302501952,99.38634378162111,100.8122115552329,101.43935017830918,101.12578086677104,101.75045135537184,100.07992553710938
148,2017-09-08,99.18755373647826,99.2566874462345,98.43695379126137,98.96039581298828,4920624,0.0,0,-0.002687474674935686,1.052598533593524,100.19790000915528,101.22420708912652,99.17159292918403,100.8122115552329,101.36873286458152,101.0904722099072,101.75045135537184,100.25839233398438
149,2017-09-11,99.21718115991692,99.4551970311598,99.06903534364157,99.32582092285156,2119024,0.0,0,0.003692639938039921,1.0564854009773936,100.13024711608887,101.19879428153176,99.06169995064597,100.8122115552329,101.36873286458152,101.0904722099072,101.75045135537184,100.59548950195312
150,2017-09-12,99.30607361747828,99.99741072701937,99.25668916607849,99.75050354003906,2686767,0.0,0,0.004275651721191043,1.061002564600496,100.08580360412597,101.13963133796103,99.0319758702909,100.7628199176036,101.2403383353537,101.00157912647865,101.75045135537184,100.61532592773438
151,2017-09-13,99.75050705722738,100.17518773520806,99.75050705722738,100.04679870605469,1995144,0.0,0,0.0029703626097155045,1.0641541269471975,100.03691596984864,100.99765365013134,99.07617828956593,100.72825739809205,101.2403383353537,100.98429786672287,101.75045135537184,101.32917785644531
152,2017-09-14,100.01716165950478,100.2443195907303,99.59248098939491,99.76038360595705,2350315,0.0,0,-0.0028628112423582097,1.061107654548971,100.00284271240234,100.95185822415438,99.0538272006503,100.6097435710056,101.12824910168806,100.86899633634683,101.75045135537184,100.96234130859376
153,2017-09-15,100.05667158703163,100.73813787207528,99.65174769614308,100.60974884033205,5681684,0.0,0,0.00851405341152156,1.0701419817951754,100.00037422180176,100.94270996155002,99.0580384820535,100.6097435710056,101.10355447333066,100.85664902216813,101.75045135537184,100.4665985107422
154,2017-09-18,100.66899766938272,100.94553251070595,100.48134579776656,100.70850372314452,3947597,0.0,0,0.000981563754514525,1.07119239437669,100.01815185546874,100.99946309846906,99.03684061246842,100.97516294127519,101.07886688220034,101.02701491173777,101.75045135537184,99.64366912841795
155,2017-09-19,100.8566528160063,101.66650810689724,100.71838539085488,101.50848388671876,3762764,0.0,0,0.007943521490235472,1.079701434181598,100.09666862487794,101.27388104195958,98.91945620779629,101.19244674887605,101.19244674887605,101.19244674887605,101.75045135537184,97.87883758544922
156,2017-09-20,101.43934536368357,101.86402601651213,101.3998393105124,101.61711883544922,5266838,0.0,0,0.0010702056081508537,1.0808569367115877,100.13518600463867,101.45180378444876,98.81856822482858,101.63193266351226,101.63193266351226,101.63193266351226,101.75045135537184,98.126708984375
157,2017-09-21,101.58749413783974,101.71588316312821,101.14306421298711,101.2220687866211,2511004,0.0,0,-0.003887632845287037,1.0766549617833714,100.16925926208496,101.56008790838932,98.77843061578061,101.63193266351226,101.63193266351226,101.63193266351226,101.75045135537184,97.9482421875
158,2017-09-22,101.2912030234292,101.51836095320508,100.7776393846016,101.13318634033205,3976076,0.0,0,-0.0008780935556298441,1.0757095579997926,100.20629539489747,101.65772568217469,98.75486510762025,101.63193266351226,101.63193266351226,101.63193266351226,101.75045135537184,97.65080261230469
159,2017-09-25,101.48873822322572,102.14056931703756,101.31096473672982,101.94304656982422,5632976,0.0,0,0.008007858338081375,1.084323687753175,100.3001205444336,101.93626477129382,98.66397631757337,101.77020431377498,101.77020431377498,101.77020431377498,101.75045135537184,97.45250701904295
160,2017-09-26,101.8442757072077,102.1010537476586,101.62699618451148,101.65662384033205,3019753,0.0,0,-0.0028096347826528367,1.0812771342044092,100.37468643188477,102.11332339306645,98.63604947070309,101.88378275077451,101.88378275077451,101.88378275077451,101.75045135537184,97.55165100097656
161,2017-09-27,101.65662837654364,101.72576208821293,101.08380188842136,101.13318634033205,4730946,0.0,0,-0.0051490742090957164,1.0757095579997924,100.40925331115723,102.17940548727536,98.6391011350391,101.88378275077451,101.88378275077451,101.88378275077451,101.75045135537184,93.8930892944336
162,2017-09-28,100.8270128757172,101.82451999734705,100.81793318964294,100.97515869140624,4061065,0.0,0,-0.0015625696632757258,1.0740286868779663,100.45172157287598,102.23347651463965,98.66996663111232,101.88378275077451,101.88378275077451,101.88378275077451,101.75045135537184,92.48519134521484
163,2017-09-29,100.95540577352745,101.23194060078673,100.5307251359482,101.18255615234376,5252231,0.0,0,0.0020539453824615084,1.0762346831400105,100.50653457641602,102.30750514599153,98.7055640068405,101.88378275077451,101.88378275077451,101.88378275077451,101.75045135537184,93.65513610839844
164,2017-10-02,101.36033397328188,102.05167860614672,101.19737432842821,101.80477142333984,4318150,0.0,0,0.006149432220898365,1.08285291537776,100.6043098449707,102.46395069080863,98.74466899913277,101.88378275077451,101.88378275077451,101.88378275077451,101.75045135537184,93.85343933105469
165,2017-10-03,101.8047737110734,102.17019152743327,101.72576160239744,102.0022964477539,2934354,0.0,0,0.0019402334650178155,1.084953902841868,100.70603523254394,102.63726596559368,98.7748044994942,101.94797656491536,101.94797656491536,101.94797656491536,101.75045135537184,87.74591827392578
166,2017-10-04,102.07142053916208,102.4368458560911,101.92327473310931,102.21956634521484,4005903,0.0,0,0.002130049077593288,1.0872649079018475,100.83936424255371,102.80204676975593,98.8766817153515,102.1800602946002,102.1800602946002,102.1800602946002,101.75045135537184,86.30828094482422
167,2017-10-05,102.23932333089694,102.61462707259956,102.08130665150313,102.35784149169922,11166985,0.0,0,0.0013527267961339628,1.0887356802772625,100.99590301513672,102.91778816579442,99.07401786447902,102.34796686205135,102.34796686205135,102.34796686205135,101.75045135537184,89.8280258178711
168,2017-10-06,102.41981506347658,102.51896148093584,101.97860707605413,102.41981506347656,2440374,0.4025,0,0.0006054599322746768,1.0893948661085082,101.16887397766114,102.94225249398079,99.39549546134148,102.34796686205135,102.34796686205135,102.34796686205135,101.75045135537184,87.73600769042969
169,2017-10-09,102.41981381381468,102.64784981474993,102.19177024849272,102.4693832397461,3221089,0.0,0,0.00048397056994109455,1.0899221011627496,101.32605209350587,102.9692597701198,99.68284441689192,102.41981003162132,102.41981003162132,102.41981003162132,101.75045135537184,86.76435852050781
170,2017-10-10,102.4693832397461,102.76683005288142,102.31075048662416,102.4693832397461,3269501,0.0,0,0.0,1.0899221011627496,101.46199607849121,103.00724581772633,99.9167463392561,102.53879026975278,102.53879026975278,102.53879026975278,101.75045135537184,86.62554931640625
171,2017-10-11,102.62802740292587,103.0047868245467,102.46938707947271,102.49913024902344,5007096,0.0,0,0.0002903014377255708,1.090238507115726,101.58461265563965,103.0473299509327,100.12189536034658,102.7370869520097,102.7370869520097,102.7370869520097,101.75045135537184,87.26010131835938
172,2017-10-12,102.13229187725241,102.17690663338637,100.47651558276036,100.58557891845705,7681943,0.0,0,-0.018668951882005125,1.0698848968864734,101.62587242126465,102.9149062889734,100.33683855355589,102.7370869520097,102.7370869520097,102.7370869520097,101.75045135537184,87.96405029296875
173,2017-10-13,100.5855745467585,100.82353503123836,99.73290172167296,100.07992553710938,6885599,0.0,0,-0.005027096197931069,1.0645064825891115,101.59938125610351,102.98978820042142,100.20897431178561,102.7370869520097,102.7370869520097,102.7370869520097,101.75045135537184,86.962646484375
174,2017-10-16,100.12949518018371,100.84336150638535,99.93615701386969,100.25839233398438,3602887,0.0,0,0.0017832427024420117,1.0664047560058907,101.57687568664551,103.03780022644693,100.11595114684408,102.7370869520097,102.7370869520097,102.7370869520097,101.75045135537184,88.79689025878906
175,2017-10-17,100.33770276430609,100.68472657299459,100.18898691988164,100.59548950195312,3855399,0.0,0,0.003362283796111587,1.0699903114371057,101.53122596740722,103.05426911651922,100.00818281829523,102.7370869520097,102.7370869520097,102.7370869520097,101.75045135537184,89.24305725097656
176,2017-10-18,100.5459226770781,100.97225152797593,100.07000926944436,100.61532592773438,4872365,0.0,0,0.00019719001199214325,1.0702013028394495,101.48113632202148,103.05518659879814,99.90708604524482,102.7370869520097,102.7370869520097,102.7370869520097,101.75045135537184,88.7374038696289
177,2017-10-19,101.0713986939056,101.82491748894141,100.94250154824928,101.32917785644531,5317569,0.0,0,0.0070948627570281975,1.077794234205488,101.48649177551269,103.0576750815318,99.91530846949358,102.7370869520097,102.7370869520097,102.7370869520097,101.75045135537184,88.3110580444336
178,2017-10-20,101.65637380915928,101.65637380915928,100.69959989306628,100.96234130859376,5503223,0.0,0,-0.0036202459707237455,1.0738923539718364,101.47794952392579,103.05865567106457,99.897243376787,102.7370869520097,102.7370869520097,102.7370869520097,101.75045135537184,88.85637664794922
179,2017-10-23,100.85327482961338,101.2399511484846,100.41702152036927,100.4665985107422,4675753,0.0,0,-0.004910175332962119,1.0686193542251072,101.40412712097168,103.02883117401836,99.779423067925,102.7370869520097,102.7370869520097,102.7370869520097,101.75045135537184,90.14529418945312
180,2017-10-24,100.38727859952557,100.51121351137682,99.63375221744158,99.64366912841795,5730275,0.0,0,-0.008191074392115083,1.0598662135977954,101.30347938537598,103.09580675844992,99.51115201230203,101.55970409081783,102.7370869520097,102.14839552141376,101.75045135537184,90.73027801513672
181,2017-10-25,99.31647954291944,99.31647954291944,97.83917750577177,97.87883758544922,9471499,0.0,0,-0.017711426710855793,1.0410944708323457,101.14076194763183,103.47974025401076,98.8017836412529,101.38370951859534,102.7370869520097,102.06039823530253,101.75045135537184,90.5220718383789
182,2017-10-26,98.69185189116823,98.8009152209342,98.126708984375,98.126708984375,7340434,0.0,0,0.002532430963019916,1.0437309707057103,100.99833946228027,103.68535324246189,98.31132568209865,101.38370951859534,102.7370869520097,102.06039823530253,101.75045135537184,91.92005157470705
183,2017-10-27,98.15645193539413,98.57287143118235,97.86892202704887,97.9482421875,9898603,0.0,0,-0.001818738228583805,1.041832697288931,100.83662376403808,103.83469249269632,97.83855503537984,101.38370951859534,102.7370869520097,102.06039823530253,101.75045135537184,90.30393981933594
184,2017-10-30,97.80944294497586,98.1465423053209,96.73864339260784,97.65080261230469,5008854,0.0,0,-0.003036701512477702,1.038668962361325,100.62892532348633,103.89642766793786,97.3614229790348,101.38370951859534,102.7370869520097,102.06039823530253,101.75045135537184,89.60990142822266
185,2017-10-31,97.601230435641,97.86397186039642,97.17489400906645,97.45250701904295,7090047,0.0,0,-0.0020306601477615427,1.036559778692741,100.40143585205078,103.88367046187439,96.91920124222717,101.38370951859534,102.7370869520097,102.06039823530253,101.7899594837125,89.59999084472656
186,2017-11-01,97.77969457597223,98.29367197970171,96.9468480024956,97.55165100097656,7608361,0.0,0,0.0010173569153457684,1.0376143299517633,100.16804008483886,103.75682219124343,96.5792579784343,101.17798685111278,102.7370869520097,101.95753690156124,101.88378275077451,89.93708801269531
187,2017-11-02,97.44258710256096,98.99920934425892,91.23592439399005,93.8930892944336,32787285,0.0,0,-0.03750384200577339,0.998699806058326,99.74480247497559,104.12049209540041,95.36911285455076,100.82848633442694,102.7370869520097,101.78278664321832,101.88378275077451,90.04615783691406
188,2017-11-03,94.10130750573528,94.54747018163124,92.07868875052542,92.48519134521484,14766031,0.0,0,-0.014994691939507976,0.983724610126435,99.2480712890625,104.47854565526438,94.0175969228606,100.07248286440921,102.7370869520097,101.40478490820945,101.88378275077451,89.87760162353516
189,2017-11-06,92.14809086310484,93.7542825279963,92.00928436279041,93.65513610839844,6712828,0.0,0,0.012650076689754597,0.9961688018861333,98.80735893249512,104.3570464033665,93.25767146162374,98.72159426364722,102.7370869520097,100.72934060782846,101.88378275077451,89.2926254272461
190,2017-11-07,93.5857356692738,94.30951892641369,93.39735217130851,93.85343933105469,5281680,0.0,0,0.0021173769095452766,0.9982780667052564,98.37656173706054,104.0597923053167,92.69333116880438,98.56295916431696,102.7370869520097,100.65002305816333,101.88378275077451,88.88612365722656
191,2017-11-08,91.01780299803026,91.64243223544509,87.36915886214352,87.74591827392578,56167999,0.0,0,-0.0650750904885381,0.933315031181689,97.63890113830567,104.67537280460645,90.60242947200489,98.43406568565389,102.7370869520097,100.5855763188318,101.94797656491536,89.48101043701172
192,2017-11-09,87.00231346810267,88.63825591798715,85.64398402752954,86.30828094482422,31491622,0.0,0,-0.01638409349838399,0.9180235104473611,96.92503623962402,105.38986315972687,88.46020931952117,98.08705167666268,102.7370869520097,100.4120693143362,102.1800602946002,89.02493286132812
193,2017-11-10,87.6368574054987,90.71044181674185,87.41873074251725,89.8280258178711,26863656,0.0,0,0.04078107957331478,0.9554615002770886,96.41244125366211,105.28724302325111,87.53763948407311,98.08705167666268,102.7370869520097,100.4120693143362,102.34796686205135,89.1141586303711
194,2017-11-13,87.84507102672467,88.73740397623466,87.66660443682267,87.73600769042969,12820500,0.0,0,-0.023289147327839932,0.9332096166310565,95.78632202148438,105.24185532494742,86.33078871802134,97.97302867337726,102.7370869520097,100.35505781269347,102.34796686205135,89.80819702148438
195,2017-11-14,87.88472744325243,87.88472744325243,86.49665486462857,86.76435852050781,12007151,0.0,0,-0.011074690945025334,0.922874608539942,95.0947654724121,105.05741011404702,85.1321208307772,96.19828075778372,102.7370869520097,99.4676838548967,102.41981003162132,92.15799713134766
196,2017-11-15,85.20773361233925,86.82384215100002,85.1482397104517,86.62554931640625,13526128,0.0,0,-0.0015998412996824918,0.9213981556267714,94.3952766418457,104.6722532988612,84.1182999848302,93.97241117646988,102.7370869520097,98.3547490642398,102.53879026975278,91.59285736083984
197,2017-11-16,86.95273757041625,87.94421693867363,86.01083519632665,87.26010131835938,13555798,0.0,0,0.007325229184237392,0.9281476082866711,93.6918228149414,103.89906236101514,83.48458326886767,93.8534355488611,101.55970409081783,97.70656981983947,102.7370869520097,90.86907958984376
198,2017-11-17,87.44847678816768,88.3457719657405,87.0618004417605,87.96405029296875,8439691,0.0,0,0.008067249108972385,0.9356352062526165,93.04190826416016,102.96285425730176,83.12096227101856,93.8534355488611,101.38370951859534,97.61857253372821,102.7370869520097,90.59146881103516
199,2017-11-20,87.99378584025766,88.09293225508767,86.28844027338968,86.962646484375,12781993,0.0,0,-0.011384239416654007,0.9249837110579863,92.3667106628418,102.00559747432618,82.72782385135741,89.65451833613388,101.38370951859534,95.5191139273646,102.7370869520097,90.82942199707031
200,2017-11-21,87.44847770584917,89.16374035011695,87.44847770584917,88.79689025878906,14425149,0.0,0,0.021092317777422265,0.9444937614305606,91.82437171936036,100.96705140183357,82.68169203688714,89.18852312678226,101.38370951859534,95.2861163226888,102.7370869520097,90.69062042236328
201,2017-11-22,88.85638091465603,89.49092708525316,88.8068039220459,89.24305725097656,5497987,0.0,0,0.005024579023963582,0.9492394449725091,91.39258270263672,100.15444987593197,82.63071552934146,89.75862286939388,101.38370951859534,95.5711661939946,102.7370869520097,91.12686920166016
202,2017-11-24,89.25296981517789,89.4314364048655,88.73740386962889,88.7374038696289,1768431,0.0,0,-0.0056660248642717015,0.9438610306751474,90.92311744689941,99.17754200671007,82.66869288708875,89.14886550364953,101.38370951859534,95.26628751112244,102.7370869520097,90.7203598022461
203,2017-11-27,88.81671458883403,88.84645775655409,88.26148105530916,88.3110580444336,3452969,0.0,0,-0.004804578527243031,0.9393261762344641,90.44125823974609,98.09616400640401,82.78635247308817,89.14886550364953,101.17798685111278,95.16342617738115,102.7370869520097,91.84072875976562
204,2017-11-28,88.62833308303465,89.18355906454954,88.24165676528155,88.85637664794922,4815483,0.0,0,0.006174975315562881,0.945126492185974,90.00153694152831,96.91632227620781,83.08675160684882,89.14886550364953,100.82848633442694,94.98867591903823,102.7370869520097,92.80245971679688
205,2017-11-29,89.35211530525265,90.22461434718916,89.03484223869512,90.14529418945312,8280867,0.0,0,0.014505627959719991,0.958836145456499,89.63617630004883,95.64064894887144,83.63170365122622,89.62972829294213,100.07248286440921,94.85110557867567,102.7370869520097,92.2670669555664
206,2017-11-30,90.48240817605598,90.98805720142191,90.07589800905777,90.73027801513672,8553363,0.0,0,0.006489344018936416,0.9650583630621572,89.29510765075683,94.1072994955326,84.48291580598107,90.53197760523983,98.72159426364722,94.62678593444352,102.7370869520097,91.89115142822266
207,2017-12-01,90.56172435753945,91.11695796282423,89.94701197351385,90.5220718383789,4291282,0.0,0,-0.002294781646354882,0.9628437648429409,89.12655677795411,93.49372032236516,84.75939323354305,90.596427985941,98.56295916431696,94.57969357512899,102.7370869520097,91.7019500732422
208,2017-12-04,91.0872125339999,92.28193942708187,91.05746179878555,91.92005157470705,6077899,0.0,0,0.015443523418511074,0.9777134650736602,89.09829978942871,93.38384685416864,84.81275272468878,91.66970061293371,98.43406568565389,95.0518831492938,102.7370869520097,91.50279998779295
209,2017-12-05,91.86056207567677,91.97953475489578,89.97674982270956,90.30393981933594,4543485,0.0,0,-0.01758171071148318,0.9605235897720132,88.93073997497558,92.71859686512586,85.1428830848253,91.66970061293371,98.08705167666268,94.8783761447982,102.7370869520097,91.66212463378906
210,2017-12-06,90.34360159766216,90.39317102680559,89.43143484165456,89.60990142822266,4704163,0.0,0,-0.007685582627976029,0.9531414063567003,88.71856307983398,91.77788049657482,85.65924566309315,91.66970061293371,98.08705167666268,94.8783761447982,102.7370869520097,91.52272033691406
211,2017-12-07,89.78836677589182,90.40308669100833,89.07450043946933,89.59999084472656,7195648,0.0,0,-0.00011059696906412508,0.9530359918060677,88.81126670837402,91.85929492135945,85.76323849538859,91.66970061293371,97.97302867337726,94.82136464315548,102.7370869520097,91.7816162109375
212,2017-12-08,89.51075160345262,89.99161967775146,89.13399218585627,89.93708801269531,3077694,0.0,0,0.0037622455626467044,0.9566215472372827,88.99270706176758,91.84698759512959,86.13842652840556,91.66970061293371,96.19828075778372,93.93399068535871,102.7370869520097,92.5782470703125
213,2017-12-11,89.99658084169229,90.36343093892607,89.60990448500228,90.04615783691406,2954814,0.0,0,0.0012127346640726788,0.9577816753480162,89.00361366271973,91.87236576533931,86.13486156010015,91.66970061293371,93.97241117646988,92.8210558947018,102.7370869520097,92.96660614013672
214,2017-12-12,90.42291070940232,90.50223087023691,89.42152204531669,89.87760162353516,6198013,0.0,0,-0.001871886790374644,0.9559888164818693,89.110693359375,91.94140574995211,86.2799809687979,91.66970061293371,93.8534355488611,92.7615680808974,102.7370869520097,93.6039047241211
215,2017-12-13,89.72887875006016,90.08581191156492,89.13399266901449,89.2926254272461,8529089,0.0,0,-0.006508587075335193,0.9497666800267504,89.23710670471192,91.85280789962849,86.62140550979535,91.66970061293371,93.8534355488611,92.7615680808974,102.7370869520097,93.26534271240234
216,2017-12-14,89.33228633102509,89.60989933377859,88.88612365722656,88.88612365722656,6077444,0.0,0,-0.004552467441454544,0.9454428981389502,89.35013542175292,91.68169279137275,87.0185780521331,91.66970061293371,91.66970061293371,91.66970061293371,102.7370869520097,93.43462371826172
217,2017-12-15,89.35212084598818,89.67930327926136,88.9158675157745,89.48101043701172,11007358,0.0,0,0.006692684474342014,0.9517704491447017,89.46118087768555,91.58404354767707,87.33831820769403,90.97814228880267,91.66970061293371,91.3239214508682,102.7370869520097,93.6835708618164
218,2017-12-18,89.66939595979241,90.21470507050276,89.01501594967529,89.02493286132812,4955667,0.0,0,-0.005096920267844363,0.9469193510521207,89.51422500610352,91.53423977194748,87.49421024025955,90.0560676776196,91.66970061293371,90.86288414527665,102.7370869520097,94.43041229248048
219,2017-12-19,89.18356188025163,89.47109179101022,88.99518595308264,89.1141586303711,3724847,0.0,0,0.0010022559543172438,0.9478684066099708,89.62180061340332,91.28001007939271,87.96359114741394,90.0560676776196,91.66970061293371,90.86288414527665,102.7370869520097,94.10179901123048
220,2017-12-20,89.28271420154562,90.00648985619786,89.14390770436886,89.80819702148438,5167969,0.0,0,0.007788194398962167,0.9552505900252838,89.67236595153808,91.28753118929652,88.05720071377965,90.0560676776196,91.66970061293371,90.86288414527665,102.7370869520097,94.05200958251952
221,2017-12-21,89.96682880456953,92.16791404229224,89.93708563612246,92.15799713134766,9652003,0.0,0,0.0261646507534401,0.9802443880953129,89.81811294555663,91.7506746975146,87.88555119359867,91.05249983920734,91.66970061293371,91.36110022607053,102.7370869520097,94.9482192993164
222,2017-12-22,92.09851393484188,92.37612693566278,91.47388468299486,91.59285736083984,6163778,0.0,0,-0.006132292238321457,0.9742332430425379,89.96088562011718,91.97410750717778,87.94766373305659,91.92500580932882,91.92500580932882,91.92500580932882,102.7370869520097,96.5912628173828
223,2017-12-26,91.65234914656963,91.80106499043987,90.75009935036077,90.86907958984376,2019179,0.0,0,-0.007902120229142717,0.9665347348247881,90.08878669738769,91.9870318487493,88.19054154602608,91.92500580932882,91.92500580932882,91.92500580932882,102.7370869520097,96.34232330322266
224,2017-12-27,91.0673746518327,91.10703473263031,90.12547231714682,90.59146881103516,3447205,0.0,0,-0.0030550631750828616,0.9635819101489864,90.175541305542,91.99677670903357,88.35430590205043,91.92500580932882,91.92500580932882,91.92500580932882,102.7370869520097,94.98805236816406
225,2017-12-28,90.68069858474104,90.86908207798392,90.42291184099605,90.82942199707031,1550678,0.0,0,0.002626662191905771,0.9661129143211791,90.20974769592286,92.05323080992106,88.36626458192465,91.92500580932882,91.92500580932882,91.92500580932882,102.7370869520097,94.75902557373048
226,2017-12-29,90.7501067647715,90.95831652758764,90.56172326129564,90.69062042236328,2649836,0.0,0,-0.0015281565340304892,0.9646365425585479,90.20776481628418,92.04906449158405,88.36646514098432,91.92500580932882,91.92500580932882,91.92500580932882,102.7370869520097,94.709228515625
227,2018-01-02,90.9583119659778,91.46892321774055,90.85916554547391,91.12686920166016,5215419,0.0,0,0.004810296558400262,0.9692767303993244,90.23800468444824,92.11883235182673,88.35717701706976,91.92500580932882,91.92500580932882,91.92500580932882,102.7370869520097,92.62803649902344
228,2018-01-03,91.414392315962,91.51354630168177,90.48240687817022,90.7203598022461,4033141,0.0,0,-0.004460916993806463,0.9649528673609848,90.17802009582519,91.90948025206762,88.44655993958276,91.92500580932882,91.92500580932882,91.92500580932882,102.7370869520097,92.01065063476562
229,2018-01-04,90.72035982607649,91.84072875976562,90.59147023474884,91.84072875976562,3544977,0.0,0,0.01234969702458999,0.9768697429159023,90.25485954284667,92.13364790032652,88.37607118536683,91.92500580932882,91.92500580932882,91.92500580932882,102.7370869520097,93.2155532836914
230,2018-01-05,91.9597038360287,93.19905294433094,91.45404728181309,92.80245971679688,5438495,0.0,0,0.010471726106909607,0.9870992553058449,90.41448745727538,92.5720240736794,88.25695084087137,92.3364688136629,92.3364688136629,92.3364688136629,102.7370869520097,93.91259765625
231,2018-01-08,92.47527671374365,92.70302528410507,91.69201467486198,92.2670669555664,11114059,0.0,0,-0.005769165632724782,0.9814045162060462,90.54784126281739,92.81562513116421,88.28005739447056,92.44553380959647,92.44553380959647,92.44553380959647,102.7370869520097,94.12171173095705
232,2018-01-09,92.06043326276662,92.57824635310179,91.67207724363827,91.89115142822266,4620763,0.4025,0,-0.0040742113058040985,0.9774060668305523,90.64554443359376,92.96797176470434,88.32311710248317,92.44553380959647,92.44553380959647,92.44553380959647,102.7370869520097,94.58973693847656
233,2018-01-10,91.6919976809811,91.89115188764666,90.93519802060922,91.7019500732422,3981986,0.0,0,-0.0020589725130198966,0.9753936146048893,90.72833404541015,93.07757959337876,88.37908849744154,92.44553380959647,92.44553380959647,92.44553380959647,102.7370869520097,94.9681396484375
234,2018-01-11,91.51275997774864,91.81149130120158,91.16423630176371,91.50279998779295,3150478,0.0,0,-0.002171710473879651,0.9732753420758965,90.80959396362304,93.14779664626577,88.47139128098031,92.44553380959647,92.44553380959647,92.44553380959647,102.7370869520097,94.66939544677734
235,2018-01-12,91.42313047085756,91.76687546087595,90.96506972110772,91.66212463378906,3068271,0.0,0,0.0017411996793252893,0.9749700087894143,90.92806892395019,93.18463884386041,88.67149900403997,92.44553380959647,92.44553380959647,92.44553380959647,102.7370869520097,94.40054321289062
236,2018-01-16,92.01065348526136,92.03056586800669,91.22398141500963,91.52272033691406,3971849,0.0,0,-0.0015208495049831017,0.9734872261341736,91.05989875793458,93.12152177112247,88.99827574474668,92.44553380959647,92.44553380959647,92.44553380959647,102.7370869520097,93.97235107421876
237,2018-01-17,91.8612809337313,91.87124092339205,91.20405836655169,91.7816162109375,2907364,0.0,0,0.002828760695381405,0.9762409885369179,91.17492904663087,93.12379077590612,89.22606731735561,92.44553380959647,92.44553380959647,92.44553380959647,102.7370869520097,94.30095672607422
238,2018-01-18,91.9409444905366,92.62803182349266,91.63224559293707,92.5782470703125,3953032,0.0,0,0.008679634247714008,0.9847144032550451,91.35259475708008,93.1228980941262,89.58229142003397,92.44553380959647,92.44553380959647,92.44553380959647,102.7370869520097,94.87850952148438
239,2018-01-19,92.67782721213915,93.40475452706356,92.15006170820251,92.96660614013672,5456436,0.0,0,0.004194927881160604,0.9888452091602401,91.54521713256835,93.12558291988161,89.9648513452551,92.77740811763303,92.77740811763303,92.77740811763303,102.7370869520097,93.9225616455078
240,2018-01-22,92.96660215080036,93.63377709517584,92.71765559568304,93.6039047241211,5266755,0.0,0,0.006855134444982536,0.9956238760143105,91.7350025177002,93.34707237299632,90.12293266240407,93.17571634542944,93.17571634542944,93.17571634542944,102.7370869520097,92.56829071044922
241,2018-01-23,93.62381876867224,93.72340347028472,92.88693907966544,93.26534271240234,4262570,0.0,0,-0.0036169646204032846,0.9920227396795379,91.79036979675293,93.5292522078287,90.05148738567715,93.30517127497508,93.30517127497508,93.30517127497508,102.7370869520097,92.76744842529295
242,2018-01-24,93.4943684609008,93.67361028606408,92.96660297493284,93.43462371826172,4080739,0.0,0,0.0018150472719686839,0.9938233078469242,91.88245811462403,93.76079929851824,90.00411693072982,93.34500322260878,93.34500322260878,93.34500322260878,102.7370869520097,93.18567657470705
243,2018-01-25,93.66365088264807,93.90264504919195,93.26534246623369,93.6835708618164,3937326,0.0,0,0.00266439927350004,0.996471249946339,92.02318267822265,93.99710092598909,90.04926443045622,93.58399375771282,93.58399375771282,93.58399375771282,102.7370869520097,94.19142150878906
244,2018-01-26,93.90264679340687,94.50011702637232,93.64374024013156,94.43041229248048,3634491,0.0,0,0.00797195734314693,1.0044150762445834,92.21512985229492,94.33752341712983,90.09273628746001,94.07192863325194,94.07192863325194,94.07192863325194,102.7370869520097,94.7191925048828
245,2018-01-29,94.01218189694548,94.45032267330431,93.60390589476893,94.10179901123048,3667923,0.0,0,-0.003479951779011392,1.00091976021314,92.37874870300293,94.55308854936253,90.20440885664333,94.07192863325194,94.07192863325194,94.07192863325194,102.7370869520097,94.59969329833984
246,2018-01-30,93.99226483780683,94.44036561764456,93.59394881281428,94.05200958251952,6086054,0.0,0,-0.000529101773123597,1.0003901717932568,92.54681816101075,94.69237706650118,90.40125925552032,94.07192863325194,94.07192863325194,94.07192863325194,102.7370869520097,94.3905792236328
247,2018-01-31,94.55986326190138,94.99801165170143,94.15159484188013,94.9482192993164,5705620,0.0,0,0.009528873660169523,1.00992276335115,92.73788566589356,95.02132676971398,90.45444456207314,94.57480324679078,94.57480324679078,94.57480324679078,102.7370869520097,94.8585968017578
248,2018-02-01,96.04357736044773,97.3978472201,95.57556422126656,96.5912628173828,8997334,0.0,0,0.01730462698712487,1.0273991000567482,93.03143081665038,95.68564902870797,90.3772126045928,96.48670572068329,96.48670572068329,96.48670572068329,102.7370869520097,96.34232330322266
249,2018-02-02,96.59126987506559,97.13895537201869,95.8842625227012,96.34232330322266,6076612,0.0,0,-0.00257724670843984,1.0247512391078728,93.25651054382324,96.21788805446587,90.2951330331806,96.6410548714006,96.6410548714006,96.6410548714006,101.55970409081783,95.75480651855469
250,2018-02-05,96.42198703835786,97.08916202069942,94.31091739582214,94.98805236816406,8111404,0.0,0,-0.014056863989009627,1.0103464503171644,93.3657901763916,96.41308304619919,90.318497306584,96.6410548714006,96.6410548714006,96.6410548714006,101.38370951859534,95.9937973022461
251,2018-02-06,94.08189060285454,95.58552240805624,93.22551379859243,94.75902557373048,11414192,0.0,0,-0.002411111594812998,1.0079103922760266,93.49038810729981,96.55169579413293,90.42908042046669,96.6410548714006,96.6410548714006,96.6410548714006,101.38370951859534,96.47177124023438
252,2018-02-07,94.76897325803664,96.0634983900924,94.55985906234994,94.709228515625,5192796,0.0,0,-0.000525512559927499,1.0073807227056042,93.63129196166992,96.64369556825669,90.61888835508314,96.6410548714006,96.6410548714006,96.6410548714006,101.38370951859534,95.87429809570312
253,2018-02-08,94.7689785222342,94.93826036663437,92.53841938042795,92.62803649902344,5383604,0.0,0,-0.02197454302204782,0.9852439916749283,93.67759628295899,96.59595048742955,90.75924207848843,96.6410548714006,96.6410548714006,96.6410548714006,101.38370951859534,94.64948272705078
254,2018-02-09,93.14584634723984,93.3748729293245,90.78583020959812,92.01065063476562,8077137,0.0,0,-0.00666521592805569,0.9786771277285954,93.70298881530762,96.55249858853888,90.85347904207636,96.6410548714006,96.6410548714006,96.6410548714006,101.38370951859534,94.77893829345705
255,2018-02-12,92.36913647417448,93.52424459607788,91.63224916482186,93.2155532836914,5603534,0.0,0,0.013095251915005157,0.991493151259655,93.78066024780273,96.48273435745567,91.07858613814979,96.6410548714006,96.6410548714006,96.6410548714006,101.17798685111278,94.8884735107422
256,2018-02-13,92.91681141844522,94.29100128885332,92.65791246663315,93.91259765625,3706265,0.0,0,0.007477768977428134,0.9989073079874768,93.90015411376953,96.39337744932631,91.40693077821275,96.6410548714006,96.6410548714006,96.6410548714006,100.82848633442694,93.8628158569336
257,2018-02-14,93.69352334537326,94.67935718952295,93.39479203277165,94.12171173095705,3195360,0.0,0,0.0022266882178307856,1.0011315631208777,94.01715888977051,96.31133854887942,91.72297923066161,96.51160894735995,96.6410548714006,96.57633190938027,100.07248286440921,92.179931640625
258,2018-02-15,94.35075035767557,94.59969692854014,93.76324009711344,94.58973693847656,3174120,0.0,0,0.004972553079541919,1.006109742958101,94.11773338317872,96.32454481785697,91.91092194850046,95.82451054152469,96.6410548714006,96.23278270646264,98.72159426364722,93.5939483642578
259,2018-02-16,94.42045415905784,95.52577753053585,94.33083704111186,94.9681396484375,6293656,0.0,0,0.004000462652804071,1.010134647409427,94.21781005859376,96.38756080559315,92.04805931159436,95.31167872622117,96.6410548714006,95.97636679881089,98.56295916431696,93.80306243896484
260,2018-02-20,94.90838201188214,95.74484638561779,94.3607041502984,94.66939544677734,5192575,0.0,0,-0.0031457307973608017,1.00695703573959,94.27108459472656,96.43010580058456,92.11206338886856,95.31167872622117,96.6410548714006,95.97636679881089,98.43406568565389,93.80306243896484
261,2018-02-21,94.59969743174307,95.38636951152924,94.37066324254091,94.40054321289062,3757471,0.0,0,-0.002839906525418434,1.004097371882977,94.32784461975098,96.43668677939553,92.21900246010642,95.05775481407935,96.6410548714006,95.84940484273997,98.08705167666268,94.18146514892578
262,2018-02-22,94.59969367622088,94.8884726001652,93.55411507563784,93.97235107421876,3903340,0.0,0,-0.00453590757106348,0.9995428790117682,94.35473098754883,96.43043047155003,92.27903150354764,95.05775481407935,96.6410548714006,95.84940484273997,98.08705167666268,94.40054321289062
263,2018-02-23,94.18146723591695,94.59969564595998,93.72340646340609,94.30095672607422,3481161,0.0,0,0.003496833356823492,1.0030381138926718,94.38560028076172,96.43844761763094,92.3327529438925,95.05775481407935,96.6410548714006,95.84940484273997,97.97302867337726,94.709228515625
264,2018-02-26,94.79884480080106,95.15722968243308,94.52998586505232,94.87850952148438,4652492,0.0,0,0.006124569839602412,1.0091812908729907,94.40800514221192,96.47219266597904,92.3438176184448,95.13741612533505,96.6410548714006,95.88923549836782,96.19828075778372,95.505859375
265,2018-02-27,94.78889844429915,95.09758976004535,93.86281689981408,93.9225616455078,3617010,0.0,0,-0.01007549423781906,0.999013290591885,94.39904327392578,96.47009003007835,92.32799651777322,95.13741612533505,96.6410548714006,95.88923549836782,93.97241117646988,95.98383331298828
266,2018-02-28,94.00222536979365,94.16154722236172,92.56829071044922,92.56829071044922,5512869,0.0,0,-0.014419016169618604,0.9846085018011768,94.32485733032226,96.54303194955992,92.1066827110846,95.13741612533505,96.6410548714006,95.88923549836782,93.8534355488611,95.11750030517578
267,2018-03-01,92.77740081753204,93.61386519761943,92.06541731289292,92.76744842529295,4106728,0.0,0,0.0021514679953063,0.9867268554807085,94.2158187866211,96.51452901127529,91.91710856196691,95.13741612533505,96.6410548714006,95.88923549836782,93.8534355488611,95.48999786376952
268,2018-03-02,92.5284540208276,93.38483078041513,92.30937983620113,93.18567657470705,5291364,0.0,0,0.0045083502512295315,0.9911753657475099,94.0455394744873,96.10478190924003,91.98629703973457,95.13741612533505,96.6410548714006,95.88923549836782,93.34500322260878,96.70999908447266
269,2018-03-05,92.956648636623,94.52999279790104,92.78736679069023,94.19142150878906,5725186,0.0,0,0.010792913364487955,1.0018730355990375,93.93799438476563,95.70757595237096,92.1684128171603,94.95817768829079,96.6410548714006,95.7996162798457,93.58399375771282,96.2699966430664
270,2018-03-06,94.38062122334587,94.80880962228458,94.19141940139154,94.7191925048828,3598561,0.0,0,0.005603174765172136,1.0074867053100125,93.92455139160157,95.66556831039057,92.18353447281257,94.8436077737427,96.6410548714006,95.74233132257166,94.07192863325194,96.33999633789062
271,2018-03-07,94.10180017571699,94.74906275457592,94.05200782455627,94.59969329833984,4320827,0.0,0,-0.0012616155541739227,1.0062156444119699,93.91658477783203,95.6435041494182,92.18966540624585,94.8436077737427,96.6410548714006,95.74233132257166,94.07192863325194,96.68000030517578
272,2018-03-08,94.84863998538349,94.85859997507809,94.18146502352354,94.3905792236328,3431867,0.0,0,-0.0022105153559807134,1.0039913892785692,93.90065231323243,95.6034786853746,92.19782594109026,94.8436077737427,96.6410548714006,95.74233132257166,94.07192863325194,97.33999633789062
273,2018-03-09,94.5598578988834,94.88846917259607,94.01218003994153,94.8585968017578,5398670,0.0,0,0.004958308148699464,1.0089694879652533,94.01218032836914,95.65759928267248,92.3667613740658,94.64450458071845,96.6410548714006,95.64277972605953,94.57480324679078,97.41000366210938
274,2018-03-12,95.2867922697274,96.6111822580246,95.18720756319306,96.34232330322266,6434019,0.0,0,0.01564145529756944,1.0247512391078732,94.228763961792,95.90373297237235,92.55379495121164,95.89919491060883,96.51160894735995,96.20540192898439,96.48670572068329,97.0999984741211
275,2018-03-13,96.59126329629818,96.68088040937958,95.7149741581032,95.75480651855469,4031315,0.0,0,-0.006098221057207143,1.0185020795231465,94.35572662353516,96.08882512253011,92.62262812454021,96.1979272837414,96.40206808940131,96.29999768657134,96.6410548714006,96.58000183105469
276,2018-03-14,96.12324678146734,96.4618180615598,95.6153936599518,95.9937973022461,3729351,0.0,0,0.0024958620081916294,1.0210441201686926,94.45978660583496,96.32061163695461,92.59896157471532,96.1979272837414,96.1979272837414,96.1979272837414,96.6410548714006,96.23999786376952
277,2018-03-15,95.973878104524,97.15886619863352,95.83446863430478,96.47177124023438,7311808,0.0,0,0.004979216901726868,1.0261281203092454,94.57728958129883,96.62721832014617,92.52736084245149,96.49666741646915,96.49666741646915,96.49666741646915,96.6410548714006,96.36000061035156
278,2018-03-16,96.5813054153485,96.67093012763243,95.54568681273884,95.87429809570312,6654177,0.0,0,-0.006193243234266066,1.01977305927065,94.64151763916016,96.76886911690417,92.51416616141614,96.49666741646915,96.49666741646915,96.49666741646915,96.6410548714006,96.04000091552734
279,2018-03-19,95.84442314555149,95.96392022629992,94.22129435092629,94.64948272705078,4943776,0.0,0,-0.012775221232177558,1.006745232831853,94.62558479309082,96.74762169994949,92.50354788623216,96.49666741646915,96.49666741646915,96.49666741646915,96.6410548714006,96.27999877929688
280,2018-03-20,94.95818012748056,95.58552274793968,94.15159567299791,94.77893829345705,4226439,0.0,0,0.0013677366497562016,1.0081221951837644,94.63106193542481,96.75409895740452,92.5080249134451,96.49666741646915,96.49666741646915,96.49666741646915,96.6410548714006,93.66999816894531
281,2018-03-21,94.75902403210955,95.36644666049835,94.6096545738434,94.8884735107422,4156346,0.0,0,0.0011556915413635238,1.0092872734773992,94.65545845031738,96.77855347205774,92.53236342857703,96.49666741646915,96.49666741646915,96.49666741646915,96.6410548714006,94.5999984741211
282,2018-03-22,94.63952793130808,94.92830686102998,93.44457984998506,93.8628158569336,6552902,0.0,0,-0.010809085823184739,0.9983778007181339,94.64998168945313,96.78073142086576,92.51923195804049,96.49666741646915,96.49666741646915,96.49666741646915,96.6410548714006,94.8000030517578
283,2018-03-23,93.98230229819129,94.13167175316687,92.00566601027913,92.179931640625,6508285,0.0,0,-0.017929189540548784,0.9804776958959822,94.54393043518067,96.93214562568568,92.15571524467566,96.49666741646915,96.49666741646915,96.49666741646915,96.6410548714006,94.2699966430664
284,2018-03-26,93.205592330994,93.77319019478314,92.86702864958299,93.5939483642578,6942596,0.0,0,0.01533974584777864,0.9955179745604422,94.47970237731934,96.89770270053536,92.06170205410332,96.49666741646915,96.49666741646915,96.49666741646915,96.6410548714006,93.0199966430664
285,2018-03-27,93.673612960469,94.41547645748409,93.16575984179941,93.80306243896484,6171640,0.0,0,0.002234269184725468,0.997742229693843,94.47372741699219,96.89785430480839,92.04960052917599,96.49666741646915,96.49666741646915,96.49666741646915,96.6410548714006,92.18000030517578
286,2018-03-28,93.89268715272829,94.56982211187237,93.60390822631796,93.80306243896484,5845380,0.0,0,0.0,0.997742229693843,94.53546600341797,96.81972379279405,92.25120821404188,96.10830847018563,96.49666741646915,96.30248794332739,96.6410548714006,93.13999938964844
287,2018-03-29,94.02213570258499,94.5897335599933,93.86281385349031,94.18146514892578,4424610,0.0,0,0.004034012324567238,1.001767134145169,94.60616683959961,96.74881397587005,92.46351970332917,95.28678740007166,96.49666741646915,95.89172740827041,96.6410548714006,92.55999755859376
288,2018-04-02,94.3109184963345,94.78889925772543,93.77817678241863,94.40054321289062,6033635,0.0,0,0.0023261271590797605,1.0040973718829775,94.66691017150879,96.71058053018463,92.62323981283295,95.09758866089155,96.49666741646915,95.79712803868034,96.6410548714006,92.4499969482422
289,2018-04-03,94.32087249545746,94.8386779899322,93.52424047615452,94.709228515625,5306802,0.0,0,0.0032699526107411447,1.0073807227056046,94.69280052185059,96.72467825445896,92.6609227892422,94.98805061717087,96.49666741646915,95.74235901682002,96.6410548714006,92.37999725341795
290,2018-04-04,94.28103898971531,95.605436476892,93.78314588300944,95.505859375,5360197,0.0,0,0.008411333001657528,1.015854137423732,94.73213386535645,96.79509058242631,92.66917714828658,94.73412516519116,96.49666741646915,95.61539629083015,96.6410548714006,92.54000091552734
291,2018-04-05,95.73488675753448,96.18298751845293,95.44113164543802,95.98383331298828,4875524,0.0,0,0.005004655642242062,1.0209381375642845,94.80134086608886,96.9343332251123,92.66834850706543,95.81205958194548,96.49666741646915,96.1543634992073,96.6410548714006,93.80999755859376
292,2018-04-06,95.79463526652602,96.20291128020241,94.66442333034107,95.11750030517578,12035313,0.0,0,-0.009025822140146467,1.011723331518537,94.83768692016602,96.96616294303988,92.70921089729217,95.82202146282022,96.49666741646915,96.15934443964468,96.6410548714006,94.37999725341795
293,2018-04-09,95.43000030517578,96.16000366210938,95.15160369873048,95.48999786376952,5656054,0.4025,0,0.003916183219687452,1.0156854254523962,94.8692569732666,97.01688939453193,92.72162455200127,95.82202146282022,96.49666741646915,96.15934443964468,96.6410548714006,94.41999816894531
294,2018-04-10,95.98999786376952,97.0999984741211,95.58999633789062,96.70999908447266,6493754,0.0,0,0.012776220002053584,1.0286620459008553,94.8876407623291,97.09157076453386,92.68371076012434,96.34499740600586,96.49666741646915,96.42083241123751,96.6410548714006,94.19000244140624
295,2018-04-11,96.19000244140624,96.91999816894531,95.97000122070312,96.2699966430664,4971527,0.0,0,-0.004549709911815025,1.0239819319947123,94.91340026855468,97.16926992469085,92.65753061241851,96.53499984741211,96.56443370966832,96.54971677854022,96.6410548714006,92.87999725341795
296,2018-04-12,96.58999633789062,96.83999633789062,96.18000030517578,96.33999633789062,5101555,0.0,0,0.0007271184924182439,1.0247264881933678,94.93071022033692,97.22488114918445,92.63653929148938,96.63999938964844,96.66943325190465,96.65471632077654,96.6410548714006,94.4499969482422
297,2018-04-13,96.83999633789062,97.08999633789062,96.51000213623048,96.68000030517578,4603435,0.0,0,0.003529208845853171,1.02834296198008,94.94112167358398,97.26519382567919,92.61704952148877,96.80500030517578,96.834434167432,96.81971723630389,96.6410548714006,94.73999786376952
298,2018-04-16,97.0199966430664,97.62999725341795,96.7699966430664,97.33999633789062,4171098,0.0,0,0.00682660354397524,1.035363051688755,95.01440658569337,97.5377065422076,92.49110662917913,97.19999694824219,97.19999694824219,97.19999694824219,96.6410548714006,94.43000030517578
299,2018-04-17,97.44000244140624,97.75,97.05999755859376,97.41000366210938,3284356,0.0,0,0.0007192040975194658,1.03610768903795,95.15243263244629,97.87702809308736,92.42783717180522,97.40499877929688,97.40499877929688,97.40499877929688,96.6410548714006,94.0
300,2018-04-18,97.62999725341795,97.6500015258789,96.9800033569336,97.0999984741211,5228489,0.0,0,-0.003182477942035744,1.032810299172013,95.26848564147949,98.11588088314444,92.42109039981453,97.40499877929688,97.40499877929688,97.40499877929688,96.6410548714006,94.26000213623048
301,2018-04-19,97.0999984741211,97.2300033569336,96.33999633789062,96.58000183105469,3165999,0.0,0,-0.005355269322738443,1.0272793218606489,95.35306205749512,98.25087446092239,92.45524965406786,97.40499877929688,97.40499877929688,97.40499877929688,96.6410548714006,94.16999816894531
302,2018-04-20,96.48999786376952,96.9499969482422,95.44000244140624,96.23999786376952,5882283,0.0,0,-0.0035204386088119044,1.0236628480739365,95.47192115783692,98.30921076735075,92.63463154832309,97.40499877929688,97.40499877929688,97.40499877929688,96.6410548714006,93.36000061035156
303,2018-04-23,96.2300033569336,96.36000061035156,95.77999877929688,96.36000061035156,3981763,0.0,0,0.0012469113595774406,1.0249392649075773,95.68092460632325,98.09792001587735,93.26392919676914,97.40499877929688,97.40499877929688,97.40499877929688,96.6410548714006,94.0999984741211
304,2018-04-24,96.36000061035156,96.74500274658205,95.33000183105469,96.04000091552734,3793196,0.0,0,-0.003320876845136156,1.0215355678350748,95.80322723388672,98.02287121121559,93.58358325655784,97.40499877929688,97.40499877929688,97.40499877929688,96.6410548714006,94.16000366210938
305,2018-04-25,95.87000274658205,96.38999938964844,95.37000274658205,96.27999877929688,4075068,0.0,0,0.0024989365002257014,1.0240883203518167,95.92707405090331,97.95238003738497,93.90176806442166,97.40499877929688,97.40499877929688,97.40499877929688,96.6410548714006,93.88999938964844
306,2018-04-26,95.0199966430664,95.11000061035156,93.41999816894531,93.66999816894531,9454933,0.0,0,-0.027108440417977997,0.9963268831368124,95.92042083740235,97.97457637449155,93.86626530031315,97.40499877929688,97.40499877929688,97.40499877929688,96.6410548714006,93.45999908447266
307,2018-04-27,93.63999938964844,94.8949966430664,93.41999816894531,94.5999984741211,7354726,0.0,0,0.009928475748429255,1.0062188904335443,95.94134750366212,97.93104352153786,93.95165148578637,97.40499877929688,97.40499877929688,97.40499877929688,96.6410548714006,93.45999908447266
308,2018-04-30,94.33999633789062,97.0,93.66000366210938,94.8000030517578,8296992,0.0,0,0.002114213328358705,1.0083462518229451,95.96132049560546,97.89539627668313,94.0272447145278,97.31500244140625,97.40499877929688,97.36000061035156,96.6410548714006,94.91999816894531
309,2018-05-01,94.8000030517578,94.91000366210938,93.81999969482422,94.2699966430664,3731684,0.0,0,-0.005590784721831943,1.002708805003937,95.93935890197754,97.93938335523066,93.93933444872442,96.78499984741211,97.40499877929688,97.09499931335449,96.6410548714006,95.37000274658205
310,2018-05-02,94.05999755859376,94.20999908447266,92.65499877929688,93.0199966430664,6701130,0.0,0,-0.013259786194040779,0.9894131006347027,95.81506576538087,98.1863155921487,93.44381593861303,96.38999938964844,97.40499877929688,96.89749908447266,96.6410548714006,95.33999633789062
311,2018-05-03,92.9499969482422,93.0,90.72000122070312,92.18000030517578,8969600,0.0,0,-0.009030277017895827,0.980478426250836,95.62487411499023,98.47837418796594,92.77137404201453,96.38999938964844,97.40499877929688,96.89749908447266,96.6410548714006,96.16999816894531
312,2018-05-04,91.9499969482422,93.20999908447266,91.51000213623048,93.13999938964844,3507585,0.0,0,0.01041439662936039,0.9906895174683433,95.52599906921387,98.57547768212896,92.47652045629877,96.18500137329102,97.40499877929688,96.79500007629395,96.6410548714006,96.22000122070312
313,2018-05-07,93.08000183105469,93.2300033569336,92.30999755859376,92.55999755859376,3447533,0.0,0,-0.006227204582944568,0.9845202911648894,95.37949905395507,98.69476119595639,92.06423691195376,96.18500137329102,97.40499877929688,96.79500007629395,96.6410548714006,97.9499969482422
314,2018-05-08,92.3499984741211,92.7699966430664,92.16010284423828,92.4499969482422,4289265,0.0,0,-0.001188424948714295,0.9833502626883536,95.16649894714355,98.65716719335346,91.67583070093364,95.40999984741211,97.40499877929688,96.40749931335449,96.6410548714006,98.7699966430664
315,2018-05-09,92.3000030517578,92.48999786376952,91.51000213623048,92.37999725341795,4525546,0.0,0,-0.000757162759707164,0.9826057064896977,94.97199897766113,98.62651651388825,91.31748144143401,95.40999984741211,97.40499877929688,96.40749931335449,96.6410548714006,98.7699966430664
316,2018-05-10,92.63999938964844,92.80999755859376,92.30999755859376,92.54000091552734,2604306,0.0,0,0.0017320163116099074,0.9843075956012188,94.78199920654296,98.5272642183681,91.03673419471782,95.40999984741211,97.40499877929688,96.40749931335449,96.6410548714006,
317,2018-05-11,92.76000213623048,93.80999755859376,92.65959930419922,93.80999755859376,4095819,0.0,0,0.013723758704365041,0.9978159955341237,94.63849906921386,98.29997365482876,90.97702448359897,94.3650016784668,97.40499877929688,95.88500022888184,96.6410548714006,
318,2018-05-14,93.8000030517578,94.46499633789062,93.79000091552734,94.37999725341795,8000681,0.0,0,0.006076108193779239,1.0038788334804727,94.49049911499023,97.9337149821104,91.04728324787006,94.12749862670898,97.40499877929688,95.76624870300293,96.6410548714006,
319,2018-05-15,94.12000274658205,94.45999908447266,93.69000244140624,94.41999816894531,4731000,0.0,0,0.00042382831840903634,1.0043043057583532,94.34099884033203,97.5100676428435,91.17193003782057,94.12749862670898,97.40499877929688,95.76624870300293,96.6410548714006,
320,2018-05-16,94.48999786376952,94.5199966430664,93.6449966430664,94.19000244140624,3863849,0.0,0,-0.002435879389952378,1.0018579415987159,94.19549903869628,97.09772524184085,91.29327283555172,94.15499877929688,97.40499877929688,95.77999877929688,96.6410548714006,
321,2018-05-17,94.22000122070312,94.37339782714844,92.77999877929688,92.87999725341795,4710426,0.0,0,-0.01390811289980809,0.9879239882373916,94.01049880981445,96.74633435475381,91.27466326487509,94.15499877929688,97.40499877929688,95.77999877929688,96.68392422040156,
322,2018-05-18,93.13999938964844,94.4499969482422,92.93000030517578,94.4499969482422,8719518,0.0,0,0.01690352865257516,1.0046233896791286,93.92099876403809,96.46784831217374,91.37414921590243,94.15499877929688,97.40499877929688,95.77999877929688,96.78892376263789,
323,2018-05-21,94.47000122070312,94.87999725341795,93.7699966430664,94.73999786376952,3476756,0.0,0,0.003070417415537152,1.0077080028308554,93.83999862670899,96.16223056053308,91.5177666928849,94.33499908447266,97.40499877929688,95.86999893188477,96.95392467816524,
324,2018-05-22,94.7699966430664,95.0500030517578,94.4000015258789,94.43000030517578,4299237,0.0,0,-0.003272087456023476,1.004410694115458,93.7594985961914,95.87097671240979,91.64802047997303,94.72500228881836,97.40499877929688,96.06500053405762,97.19999694824219,
325,2018-05-23,94.38999938964844,94.38999938964844,93.1999969482422,94.0,5464658,0.0,0,-0.004553640832215655,0.9998369685664198,93.64549865722657,95.41552347101867,91.87547384343446,94.72500228881836,97.31500244140625,96.0200023651123,97.40499877929688,
326,2018-05-24,93.9800033569336,94.37999725341795,93.6500015258789,94.26000213623048,3992521,0.0,0,0.002765980172664717,1.0026024977973718,93.67499885559081,95.46544489195662,91.88455281922501,94.72500228881836,96.78499984741211,95.75500106811523,97.40499877929688,
327,2018-05-25,94.25,94.44000244140624,93.75270080566406,94.16999816894531,2464244,0.0,0,-0.0009548479232484031,1.0016451648845064,93.65349884033203,95.40859737813948,91.89840030252459,94.72500228881836,96.38999938964844,95.5575008392334,97.40499877929688,
328,2018-05-29,93.58999633789062,93.98999786376952,92.98999786376952,93.36000061035156,6890233,0.0,0,-0.008601439676579115,0.9930295744214152,93.58149871826171,95.25811801458478,91.90487942193865,94.72500228881836,96.38999938964844,95.5575008392334,97.40499877929688,
329,2018-05-30,93.4499969482422,94.18000030517578,93.29000091552734,94.0999984741211,4343342,0.0,0,0.007926283836029446,1.0009006086858507,93.57299880981445,95.2371122001149,91.90888541951401,94.72500228881836,96.18500137329102,95.45500183105469,97.40499877929688,
330,2018-05-31,93.91000366210938,94.16000366210938,93.08000183105469,94.16000366210938,6903203,0.0,0,0.0006376746967193814,1.0015388576779407,93.6299991607666,95.29251907741549,91.96747924411771,94.72500228881836,96.18500137329102,95.45500183105469,97.40499877929688,
331,2018-06-01,94.1999969482422,94.1999969482422,93.5989990234375,93.88999938964844,3314545,0.0,0,-0.0028675049061153146,0.9986669400898841,93.71549911499024,95.23963058175936,92.19136764822112,94.72500228881836,95.70000076293945,95.2125015258789,97.40499877929688,
332,2018-06-04,93.9000015258789,94.1500015258789,93.45999908447266,93.45999908447266,3458383,0.0,0,-0.004579830737789892,0.9940932145408459,93.73149909973145,95.23754536797637,92.22545283148654,94.72500228881836,95.70000076293945,95.2125015258789,97.40499877929688,
333,2018-06-05,93.45999908447266,93.77999877929688,93.01000213623048,93.45999908447266,3744593,0.0,0,0.0,0.9940932145408459,93.7764991760254,95.18979407191999,92.3632042801308,94.09635162353516,95.70000076293945,94.8981761932373,97.40499877929688,
334,2018-06-06,93.5,94.94000244140624,93.25,94.91999816894531,7704164,0.0,0,0.015621646680662238,1.0096225875060467,93.89999923706054,95.25806116094863,92.54193731317245,94.34635162353516,94.72500228881836,94.53567695617676,97.40499877929688,
335,2018-06-07,94.79000091552734,95.41999816894531,94.66999816894531,95.37000274658205,5390481,0.0,0,0.004740882704567406,1.0144090897692948,94.04949951171875,95.36240685496901,92.73659216846849,95.04499816894531,95.04499816894531,95.04499816894531,97.40499877929688,
336,2018-06-08,95.33999633789062,95.55999755859376,94.91999816894531,95.33999633789062,8596461,0.0,0,-0.0003146315175344139,1.01408992469798,94.18949928283692,95.42257847445515,92.95642009121869,95.23999786376953,95.23999786376953,95.23999786376953,97.40499877929688,
337,2018-06-11,95.37999725341795,96.72000122070312,94.68000030517578,96.16999816894531,10871261,0.0,0,0.008705704457058205,1.022918291875281,94.3074993133545,95.80018883302856,92.81480979368044,95.81999969482422,95.81999969482422,95.81999969482422,97.40499877929688,
338,2018-06-12,95.8499984741211,96.3499984741211,95.0199966430664,96.22000122070312,8210351,0.0,0,0.000519944397523675,1.0234501525102662,94.39949951171874,96.11191698115091,92.68708204228658,95.86999893188477,95.86999893188477,95.86999893188477,97.40499877929688,
339,2018-06-13,99.95999908447266,100.06999969482422,96.23999786376952,97.9499969482422,61819857,0.0,0,0.01797958538340616,1.0418513619129846,94.5759994506836,96.89011322530557,92.26188567606162,98.15499877929688,98.15499877929688,98.15499877929688,97.40499877929688,
340,2018-06-14,98.41000366210938,99.6500015258789,98.38999938964844,98.7699966430664,28205816,0.0,0,0.008371615317737113,1.0505733407331805,94.8049991607666,97.74937893629908,91.86061938523412,99.22999954223633,99.22999954223633,99.22999954223633,97.40499877929688,
341,2018-06-15,98.7699966430664,98.7699966430664,98.7699966430664,98.7699966430664,0,0.0,0,0.0,1.0505733407331805,95.09949913024903,98.3779249387323,91.82107332176575,99.41999816894531,99.41999816894531,99.41999816894531,97.40499877929688,
